session_id,user_id,session_start,session_end,events,searches,views,clicks,cart_additions,purchases,avg_dwell_time,max_event_score,unique_products,duration_seconds,session_conversion_rate
S0001-20250105-33,U000001,2025-01-05 09:55:00,2025-01-05 09:55:00,1,0,0,0,1,0,65.0,4.0,1,0.0,0.0
S0001-20250110-80,U000001,2025-01-10 05:32:00,2025-01-10 05:32:00,1,0,1,0,0,0,63.0,1.0,1,0.0,0.0
S0001-20250111-77,U000001,2025-01-11 13:39:00,2025-01-11 13:39:00,1,0,1,0,0,0,50.0,1.0,1,0.0,0.0
S0001-20250112-80,U000001,2025-01-12 05:44:00,2025-01-12 05:44:00,1,1,0,0,0,0,39.0,1.5,1,0.0,0.0
S0001-20250118-87,U000001,2025-01-18 23:28:00,2025-01-18 23:28:00,1,0,1,0,0,0,62.0,1.0,1,0.0,0.0
S0001-20250119-09,U000001,2025-01-19 18:18:00,2025-01-19 18:18:00,1,0,1,0,0,0,60.0,1.0,1,0.0,0.0
S0002-20250103-59,U000002,2025-01-03 06:05:00,2025-01-03 06:05:00,1,0,0,0,1,0,63.0,4.0,1,0.0,0.0
S0002-20250105-31,U000002,2025-01-05 14:43:00,2025-01-05 14:43:00,1,0,0,1,0,0,45.0,2.0,1,0.0,0.0
S0002-20250111-16,U000002,2025-01-11 01:53:00,2025-01-11 01:53:00,1,0,0,0,0,1,38.0,8.0,1,0.0,1.0
S0002-20250112-58,U000002,2025-01-12 02:48:00,2025-01-12 02:48:00,1,0,1,0,0,0,46.0,1.0,1,0.0,0.0
S0002-20250114-92,U000002,2025-01-14 00:47:00,2025-01-14 00:47:00,1,0,0,0,1,0,116.0,4.0,1,0.0,0.0
S0002-20250117-79,U000002,2025-01-17 01:25:00,2025-01-17 01:25:00,1,0,0,1,0,0,37.0,2.0,1,0.0,0.0
S0002-20250118-10,U000002,2025-01-18 12:28:00,2025-01-18 12:28:00,1,0,1,0,0,0,24.0,1.0,1,0.0,0.0
S0002-20250119-24,U000002,2025-01-19 04:09:00,2025-01-19 04:09:00,1,0,0,0,0,1,25.0,8.0,1,0.0,1.0
S0002-20250120-01,U000002,2025-01-20 18:23:00,2025-01-20 18:23:00,1,1,0,0,0,0,7.0,1.5,1,0.0,0.0
S0002-20250120-26,U000002,2025-01-20 02:16:00,2025-01-20 02:16:00,1,1,0,0,0,0,38.0,1.5,1,0.0,0.0
S0003-20250102-33,U000003,2025-01-02 14:53:00,2025-01-02 14:53:00,1,0,0,1,0,0,83.0,2.0,1,0.0,0.0
S0003-20250102-95,U000003,2025-01-02 12:13:00,2025-01-02 12:13:00,1,0,1,0,0,0,35.0,1.0,1,0.0,0.0
S0003-20250104-16,U000003,2025-01-04 14:07:00,2025-01-04 14:07:00,1,0,1,0,0,0,62.0,1.0,1,0.0,0.0
S0003-20250105-14,U000003,2025-01-05 20:51:00,2025-01-05 20:51:00,1,0,0,1,0,0,61.0,2.0,1,0.0,0.0
S0003-20250106-44,U000003,2025-01-06 20:07:00,2025-01-06 20:07:00,1,0,1,0,0,0,8.0,1.0,1,0.0,0.0
S0003-20250106-83,U000003,2025-01-06 14:06:00,2025-01-06 14:06:00,1,0,1,0,0,0,50.0,1.0,1,0.0,0.0
S0003-20250107-59,U000003,2025-01-07 19:12:00,2025-01-07 19:12:00,1,1,0,0,0,0,48.0,1.5,1,0.0,0.0
S0003-20250108-47,U000003,2025-01-08 03:46:00,2025-01-08 03:46:00,1,0,0,0,0,1,20.0,8.0,1,0.0,1.0
S0003-20250109-53,U000003,2025-01-09 09:06:00,2025-01-09 09:06:00,1,0,1,0,0,0,34.0,1.0,1,0.0,0.0
S0003-20250111-64,U000003,2025-01-11 20:08:00,2025-01-11 20:08:00,1,0,1,0,0,0,25.0,1.0,1,0.0,0.0
S0003-20250115-90,U000003,2025-01-15 01:13:00,2025-01-15 01:13:00,1,0,0,1,0,0,27.0,2.0,1,0.0,0.0
S0003-20250118-50,U000003,2025-01-18 01:39:00,2025-01-18 01:39:00,1,0,0,1,0,0,30.0,2.0,1,0.0,0.0
S0004-20250102-05,U000004,2025-01-02 01:20:00,2025-01-02 01:20:00,1,0,1,0,0,0,60.0,1.0,1,0.0,0.0
S0004-20250103-06,U000004,2025-01-03 00:43:00,2025-01-03 00:43:00,1,0,0,1,0,0,48.0,2.0,1,0.0,0.0
S0004-20250105-87,U000004,2025-01-05 17:29:00,2025-01-05 17:29:00,1,1,0,0,0,0,17.0,1.5,1,0.0,0.0
S0004-20250107-36,U000004,2025-01-07 13:14:00,2025-01-07 13:14:00,1,0,0,1,0,0,45.0,2.0,1,0.0,0.0
S0004-20250108-46,U000004,2025-01-08 12:29:00,2025-01-08 12:29:00,1,0,1,0,0,0,35.0,1.0,1,0.0,0.0
S0004-20250108-91,U000004,2025-01-08 12:23:00,2025-01-08 12:23:00,1,0,0,0,0,1,11.0,8.0,1,0.0,1.0
S0004-20250109-43,U000004,2025-01-09 07:02:00,2025-01-09 07:02:00,1,0,0,1,0,0,28.0,2.0,1,0.0,0.0
S0004-20250110-28,U000004,2025-01-10 12:13:00,2025-01-10 12:13:00,1,1,0,0,0,0,62.0,1.5,1,0.0,0.0
S0004-20250110-92,U000004,2025-01-10 13:38:00,2025-01-10 13:38:00,1,0,0,1,0,0,31.0,2.0,1,0.0,0.0
S0004-20250112-17,U000004,2025-01-12 19:15:00,2025-01-12 19:15:00,1,0,1,0,0,0,13.0,1.0,1,0.0,0.0
S0004-20250114-51,U000004,2025-01-14 04:28:00,2025-01-14 04:28:00,1,0,0,1,0,0,135.0,2.0,1,0.0,0.0
S0004-20250114-70,U000004,2025-01-14 01:56:00,2025-01-14 01:56:00,1,0,0,1,0,0,57.0,2.0,1,0.0,0.0
S0005-20250103-56,U000005,2025-01-03 00:45:00,2025-01-03 00:45:00,1,1,0,0,0,0,38.0,1.5,1,0.0,0.0
S0005-20250103-82,U000005,2025-01-03 02:18:00,2025-01-03 02:18:00,1,0,0,1,0,0,56.0,2.0,1,0.0,0.0
S0005-20250105-65,U000005,2025-01-05 10:34:00,2025-01-05 10:34:00,1,0,0,1,0,0,18.0,2.0,1,0.0,0.0
S0005-20250105-66,U000005,2025-01-05 05:58:00,2025-01-05 05:58:00,1,1,0,0,0,0,15.0,1.5,1,0.0,0.0
S0005-20250107-02,U000005,2025-01-07 10:03:00,2025-01-07 10:03:00,1,0,1,0,0,0,15.0,1.0,1,0.0,0.0
S0005-20250107-20,U000005,2025-01-07 07:16:00,2025-01-07 07:16:00,1,1,0,0,0,0,33.0,1.5,1,0.0,0.0
S0005-20250111-82,U000005,2025-01-11 12:09:00,2025-01-11 12:09:00,1,0,1,0,0,0,26.0,1.0,1,0.0,0.0
S0005-20250112-39,U000005,2025-01-12 00:07:00,2025-01-12 00:07:00,1,1,0,0,0,0,110.0,1.5,1,0.0,0.0
S0005-20250115-73,U000005,2025-01-15 06:43:00,2025-01-15 06:43:00,1,0,1,0,0,0,39.0,1.0,1,0.0,0.0
S0006-20250102-30,U000006,2025-01-02 12:49:00,2025-01-02 12:49:00,1,0,0,0,0,1,29.0,8.0,1,0.0,1.0
S0006-20250103-58,U000006,2025-01-03 13:14:00,2025-01-03 13:14:00,1,0,0,0,1,0,27.0,4.0,1,0.0,0.0
S0006-20250103-79,U000006,2025-01-03 23:47:00,2025-01-03 23:47:00,1,0,1,0,0,0,3.0,1.0,1,0.0,0.0
S0006-20250105-11,U000006,2025-01-05 20:26:00,2025-01-05 20:26:00,1,1,0,0,0,0,7.0,1.5,1,0.0,0.0
S0006-20250105-62,U000006,2025-01-05 15:29:00,2025-01-05 15:29:00,1,0,0,0,0,1,63.0,8.0,1,0.0,1.0
S0006-20250107-20,U000006,2025-01-07 06:17:00,2025-01-07 06:17:00,1,0,1,0,0,0,81.0,1.0,1,0.0,0.0
S0006-20250110-81,U000006,2025-01-10 05:48:00,2025-01-10 05:48:00,1,0,1,0,0,0,20.0,1.0,1,0.0,0.0
S0006-20250115-13,U000006,2025-01-15 15:59:00,2025-01-15 15:59:00,1,1,0,0,0,0,39.0,1.5,1,0.0,0.0
S0006-20250119-55,U000006,2025-01-19 03:04:00,2025-01-19 03:04:00,1,0,1,0,0,0,9.0,1.0,1,0.0,0.0
S0007-20250103-19,U000007,2025-01-03 13:05:00,2025-01-03 13:05:00,1,0,0,0,0,1,46.0,8.0,1,0.0,1.0
S0007-20250105-16,U000007,2025-01-05 10:29:00,2025-01-05 10:29:00,1,0,0,0,0,1,46.0,8.0,1,0.0,1.0
S0007-20250106-62,U000007,2025-01-06 12:35:00,2025-01-06 12:35:00,1,0,1,0,0,0,17.0,1.0,1,0.0,0.0
S0007-20250112-23,U000007,2025-01-12 01:03:00,2025-01-12 01:03:00,1,0,1,0,0,0,65.0,1.0,1,0.0,0.0
S0007-20250118-85,U000007,2025-01-18 20:52:00,2025-01-18 20:52:00,1,0,1,0,0,0,54.0,1.0,1,0.0,0.0
S0008-20250106-82,U000008,2025-01-06 13:37:00,2025-01-06 13:37:00,1,0,1,0,0,0,50.0,1.0,1,0.0,0.0
S0008-20250109-71,U000008,2025-01-09 02:12:00,2025-01-09 02:12:00,1,0,0,1,0,0,47.0,2.0,1,0.0,0.0
S0008-20250112-19,U000008,2025-01-12 10:55:00,2025-01-12 10:55:00,1,0,0,1,0,0,32.0,2.0,1,0.0,0.0
S0008-20250114-07,U000008,2025-01-14 13:54:00,2025-01-14 13:54:00,1,0,1,0,0,0,34.0,1.0,1,0.0,0.0
S0008-20250114-56,U000008,2025-01-14 22:40:00,2025-01-14 22:40:00,1,0,1,0,0,0,155.0,1.0,1,0.0,0.0
S0008-20250115-95,U000008,2025-01-15 16:59:00,2025-01-15 16:59:00,1,0,0,0,0,1,34.0,8.0,1,0.0,1.0
S0008-20250116-23,U000008,2025-01-16 01:01:00,2025-01-16 01:01:00,1,0,0,0,0,1,54.0,8.0,1,0.0,1.0
S0008-20250117-34,U000008,2025-01-17 18:41:00,2025-01-17 18:41:00,1,0,1,0,0,0,22.0,1.0,1,0.0,0.0
S0008-20250118-45,U000008,2025-01-18 13:16:00,2025-01-18 13:16:00,1,0,1,0,0,0,10.0,1.0,1,0.0,0.0
S0008-20250119-02,U000008,2025-01-19 23:55:00,2025-01-19 23:55:00,1,0,1,0,0,0,20.0,1.0,1,0.0,0.0
S0009-20250101-81,U000009,2025-01-01 22:12:00,2025-01-01 22:12:00,1,1,0,0,0,0,55.0,1.5,1,0.0,0.0
S0009-20250103-17,U000009,2025-01-03 22:21:00,2025-01-03 22:21:00,1,0,0,1,0,0,39.0,2.0,1,0.0,0.0
S0009-20250105-30,U000009,2025-01-05 17:51:00,2025-01-05 17:51:00,1,0,0,1,0,0,45.0,2.0,1,0.0,0.0
S0009-20250106-13,U000009,2025-01-06 07:06:00,2025-01-06 07:06:00,1,0,0,1,0,0,31.0,2.0,1,0.0,0.0
S0009-20250107-15,U000009,2025-01-07 06:30:00,2025-01-07 06:30:00,1,0,1,0,0,0,22.0,1.0,1,0.0,0.0
S0009-20250107-84,U000009,2025-01-07 15:44:00,2025-01-07 15:44:00,1,0,1,0,0,0,14.0,1.0,1,0.0,0.0
S0009-20250108-92,U000009,2025-01-08 21:39:00,2025-01-08 21:39:00,1,0,1,0,0,0,54.0,1.0,1,0.0,0.0
S0009-20250110-79,U000009,2025-01-10 00:30:00,2025-01-10 00:30:00,1,0,1,0,0,0,75.0,1.0,1,0.0,0.0
S0009-20250112-70,U000009,2025-01-12 11:47:00,2025-01-12 11:47:00,1,0,1,0,0,0,67.0,1.0,1,0.0,0.0
S0009-20250116-81,U000009,2025-01-16 20:51:00,2025-01-16 20:51:00,1,0,0,0,1,0,74.0,4.0,1,0.0,0.0
S0009-20250117-94,U000009,2025-01-17 01:35:00,2025-01-17 01:35:00,1,1,0,0,0,0,24.0,1.5,1,0.0,0.0
S0009-20250117-95,U000009,2025-01-17 12:41:00,2025-01-17 12:41:00,1,0,1,0,0,0,26.0,1.0,1,0.0,0.0
S0009-20250118-58,U000009,2025-01-18 05:15:00,2025-01-18 05:15:00,1,0,1,0,0,0,7.0,1.0,1,0.0,0.0
S0009-20250119-70,U000009,2025-01-19 19:11:00,2025-01-19 19:11:00,1,0,1,0,0,0,63.0,1.0,1,0.0,0.0
S0009-20250120-30,U000009,2025-01-20 22:28:00,2025-01-20 22:28:00,1,0,0,0,1,0,21.0,4.0,1,0.0,0.0
S0010-20250102-67,U000010,2025-01-02 09:00:00,2025-01-02 09:00:00,1,0,1,0,0,0,56.0,1.0,1,0.0,0.0
S0010-20250103-27,U000010,2025-01-03 15:44:00,2025-01-03 15:44:00,1,0,1,0,0,0,34.0,1.0,1,0.0,0.0
S0010-20250104-12,U000010,2025-01-04 20:04:00,2025-01-04 20:04:00,1,0,1,0,0,0,57.0,1.0,1,0.0,0.0
S0010-20250108-89,U000010,2025-01-08 23:30:00,2025-01-08 23:30:00,1,0,0,1,0,0,8.0,2.0,1,0.0,0.0
S0010-20250110-11,U000010,2025-01-10 07:52:00,2025-01-10 07:52:00,1,0,0,0,0,1,20.0,8.0,1,0.0,1.0
S0010-20250111-07,U000010,2025-01-11 06:15:00,2025-01-11 06:15:00,1,0,1,0,0,0,30.0,1.0,1,0.0,0.0
S0010-20250113-75,U000010,2025-01-13 01:19:00,2025-01-13 01:19:00,1,0,0,1,0,0,8.0,2.0,1,0.0,0.0
S0010-20250114-26,U000010,2025-01-14 06:07:00,2025-01-14 06:07:00,1,0,0,1,0,0,6.0,2.0,1,0.0,0.0
S0010-20250119-05,U000010,2025-01-19 22:08:00,2025-01-19 22:08:00,1,0,0,1,0,0,46.0,2.0,1,0.0,0.0
S0011-20250105-91,U000011,2025-01-05 15:23:00,2025-01-05 15:23:00,1,0,1,0,0,0,133.0,1.0,1,0.0,0.0
S0011-20250113-41,U000011,2025-01-13 09:43:00,2025-01-13 09:43:00,1,0,1,0,0,0,33.0,1.0,1,0.0,0.0
S0011-20250114-75,U000011,2025-01-14 18:14:00,2025-01-14 18:14:00,1,0,0,1,0,0,48.0,2.0,1,0.0,0.0
S0011-20250117-04,U000011,2025-01-17 12:30:00,2025-01-17 12:30:00,1,0,0,0,0,1,39.0,8.0,1,0.0,1.0
S0011-20250119-58,U000011,2025-01-19 10:50:00,2025-01-19 10:50:00,1,0,1,0,0,0,44.0,1.0,1,0.0,0.0
S0011-20250119-68,U000011,2025-01-19 03:08:00,2025-01-19 03:08:00,1,0,1,0,0,0,20.0,1.0,1,0.0,0.0
S0012-20250101-75,U000012,2025-01-01 22:07:00,2025-01-01 22:07:00,1,1,0,0,0,0,118.0,1.5,1,0.0,0.0
S0012-20250102-39,U000012,2025-01-02 09:55:00,2025-01-02 09:55:00,1,0,1,0,0,0,41.0,1.0,1,0.0,0.0
S0012-20250103-50,U000012,2025-01-03 05:06:00,2025-01-03 05:06:00,1,0,1,0,0,0,24.0,1.0,1,0.0,0.0
S0012-20250107-36,U000012,2025-01-07 04:57:00,2025-01-07 04:57:00,1,0,1,0,0,0,52.0,1.0,1,0.0,0.0
S0012-20250107-89,U000012,2025-01-07 21:22:00,2025-01-07 21:22:00,1,0,0,1,0,0,42.0,2.0,1,0.0,0.0
S0012-20250108-18,U000012,2025-01-08 22:23:00,2025-01-08 22:23:00,1,0,0,0,0,1,95.0,8.0,1,0.0,1.0
S0012-20250108-24,U000012,2025-01-08 15:01:00,2025-01-08 15:01:00,1,1,0,0,0,0,37.0,1.5,1,0.0,0.0
S0012-20250108-43,U000012,2025-01-08 00:32:00,2025-01-08 00:32:00,1,0,1,0,0,0,8.0,1.0,1,0.0,0.0
S0012-20250112-21,U000012,2025-01-12 11:32:00,2025-01-12 11:32:00,1,0,1,0,0,0,18.0,1.0,1,0.0,0.0
S0012-20250115-37,U000012,2025-01-15 02:52:00,2025-01-15 02:52:00,1,0,0,1,0,0,12.0,2.0,1,0.0,0.0
S0012-20250115-57,U000012,2025-01-15 08:05:00,2025-01-15 08:05:00,1,0,0,1,0,0,104.0,2.0,1,0.0,0.0
S0012-20250116-28,U000012,2025-01-16 17:50:00,2025-01-16 17:50:00,1,0,0,1,0,0,13.0,2.0,1,0.0,0.0
S0012-20250118-23,U000012,2025-01-18 13:01:00,2025-01-18 13:01:00,1,1,0,0,0,0,80.0,1.5,1,0.0,0.0
S0013-20250101-69,U000013,2025-01-01 08:54:00,2025-01-01 08:54:00,1,0,1,0,0,0,20.0,1.0,1,0.0,0.0
S0013-20250102-59,U000013,2025-01-02 15:02:00,2025-01-02 15:02:00,1,0,0,0,1,0,23.0,4.0,1,0.0,0.0
S0013-20250108-87,U000013,2025-01-08 21:02:00,2025-01-08 21:02:00,1,1,0,0,0,0,101.0,1.5,1,0.0,0.0
S0013-20250109-32,U000013,2025-01-09 12:06:00,2025-01-09 12:06:00,1,1,0,0,0,0,78.0,1.5,1,0.0,0.0
S0013-20250110-09,U000013,2025-01-10 15:34:00,2025-01-10 15:34:00,1,0,1,0,0,0,17.0,1.0,1,0.0,0.0
S0013-20250111-88,U000013,2025-01-11 06:19:00,2025-01-11 06:19:00,1,0,1,0,0,0,13.0,1.0,1,0.0,0.0
S0013-20250113-81,U000013,2025-01-13 20:27:00,2025-01-13 20:27:00,1,0,1,0,0,0,14.0,1.0,1,0.0,0.0
S0013-20250116-26,U000013,2025-01-16 13:19:00,2025-01-16 13:19:00,1,0,1,0,0,0,14.0,1.0,1,0.0,0.0
S0013-20250116-32,U000013,2025-01-16 07:07:00,2025-01-16 07:07:00,1,0,0,0,1,0,21.0,4.0,1,0.0,0.0
S0013-20250117-62,U000013,2025-01-17 07:38:00,2025-01-17 07:38:00,1,0,0,1,0,0,103.0,2.0,1,0.0,0.0
S0013-20250118-07,U000013,2025-01-18 18:10:00,2025-01-18 18:10:00,1,0,0,1,0,0,23.0,2.0,1,0.0,0.0
S0014-20250103-49,U000014,2025-01-03 20:47:00,2025-01-03 20:47:00,1,0,1,0,0,0,22.0,1.0,1,0.0,0.0
S0014-20250105-03,U000014,2025-01-05 11:19:00,2025-01-05 11:19:00,1,0,0,0,1,0,18.0,4.0,1,0.0,0.0
S0014-20250110-02,U000014,2025-01-10 04:09:00,2025-01-10 04:09:00,1,1,0,0,0,0,43.0,1.5,1,0.0,0.0
S0014-20250111-72,U000014,2025-01-11 05:06:00,2025-01-11 05:06:00,1,0,1,0,0,0,48.0,1.0,1,0.0,0.0
S0014-20250113-86,U000014,2025-01-13 23:46:00,2025-01-13 23:46:00,1,0,0,0,0,1,65.0,8.0,1,0.0,1.0
S0014-20250115-96,U000014,2025-01-15 05:24:00,2025-01-15 05:24:00,1,1,0,0,0,0,73.0,1.5,1,0.0,0.0
S0014-20250116-01,U000014,2025-01-16 06:08:00,2025-01-16 06:08:00,1,1,0,0,0,0,82.0,1.5,1,0.0,0.0
S0014-20250120-67,U000014,2025-01-20 18:45:00,2025-01-20 18:45:00,1,1,0,0,0,0,36.0,1.5,1,0.0,0.0
S0015-20250102-55,U000015,2025-01-02 06:55:00,2025-01-02 06:55:00,1,0,1,0,0,0,30.0,1.0,1,0.0,0.0
S0015-20250107-79,U000015,2025-01-07 05:17:00,2025-01-07 05:17:00,1,0,0,0,1,0,36.0,4.0,1,0.0,0.0
S0015-20250110-61,U000015,2025-01-10 16:09:00,2025-01-10 16:09:00,1,0,1,0,0,0,75.0,1.0,1,0.0,0.0
S0016-20250103-03,U000016,2025-01-03 02:43:00,2025-01-03 02:43:00,1,0,1,0,0,0,32.0,1.0,1,0.0,0.0
S0016-20250104-75,U000016,2025-01-04 08:08:00,2025-01-04 08:08:00,1,0,0,0,0,1,93.0,8.0,1,0.0,1.0
S0016-20250106-14,U000016,2025-01-06 02:07:00,2025-01-06 02:07:00,1,0,0,1,0,0,27.0,2.0,1,0.0,0.0
S0016-20250107-84,U000016,2025-01-07 21:34:00,2025-01-07 21:34:00,1,0,1,0,0,0,50.0,1.0,1,0.0,0.0
S0016-20250111-92,U000016,2025-01-11 08:01:00,2025-01-11 08:01:00,1,0,1,0,0,0,38.0,1.0,1,0.0,0.0
S0016-20250113-48,U000016,2025-01-13 02:26:00,2025-01-13 02:26:00,1,0,0,0,0,1,41.0,8.0,1,0.0,1.0
S0016-20250115-21,U000016,2025-01-15 15:53:00,2025-01-15 15:53:00,1,0,1,0,0,0,62.0,1.0,1,0.0,0.0
S0016-20250116-50,U000016,2025-01-16 23:43:00,2025-01-16 23:43:00,1,0,0,1,0,0,31.0,2.0,1,0.0,0.0
S0016-20250116-72,U000016,2025-01-16 08:20:00,2025-01-16 08:20:00,1,1,0,0,0,0,132.0,1.5,1,0.0,0.0
S0016-20250117-28,U000016,2025-01-17 09:08:00,2025-01-17 09:08:00,1,0,0,0,0,1,19.0,8.0,1,0.0,1.0
S0016-20250118-00,U000016,2025-01-18 11:39:00,2025-01-18 11:39:00,1,0,0,0,0,1,106.0,8.0,1,0.0,1.0
S0016-20250118-12,U000016,2025-01-18 04:24:00,2025-01-18 04:24:00,1,1,0,0,0,0,58.0,1.5,1,0.0,0.0
S0016-20250118-45,U000016,2025-01-18 09:03:00,2025-01-18 09:03:00,1,0,1,0,0,0,17.0,1.0,1,0.0,0.0
S0017-20250101-01,U000017,2025-01-01 20:32:00,2025-01-01 20:32:00,1,1,0,0,0,0,32.0,1.5,1,0.0,0.0
S0017-20250101-48,U000017,2025-01-01 12:59:00,2025-01-01 12:59:00,1,0,1,0,0,0,58.0,1.0,1,0.0,0.0
S0017-20250105-63,U000017,2025-01-05 05:06:00,2025-01-05 05:06:00,1,0,1,0,0,0,42.0,1.0,1,0.0,0.0
S0017-20250108-12,U000017,2025-01-08 18:18:00,2025-01-08 18:18:00,1,0,1,0,0,0,23.0,1.0,1,0.0,0.0
S0017-20250109-25,U000017,2025-01-09 13:53:00,2025-01-09 13:53:00,1,0,0,1,0,0,44.0,2.0,1,0.0,0.0
S0017-20250111-72,U000017,2025-01-11 17:24:00,2025-01-11 17:24:00,1,0,1,0,0,0,97.0,1.0,1,0.0,0.0
S0017-20250113-84,U000017,2025-01-13 22:38:00,2025-01-13 22:38:00,1,0,0,1,0,0,72.0,2.0,1,0.0,0.0
S0017-20250114-21,U000017,2025-01-14 09:40:00,2025-01-14 09:40:00,1,0,1,0,0,0,56.0,1.0,1,0.0,0.0
S0017-20250114-30,U000017,2025-01-14 12:00:00,2025-01-14 12:00:00,1,0,0,0,0,1,8.0,8.0,1,0.0,1.0
S0017-20250119-38,U000017,2025-01-19 00:59:00,2025-01-19 00:59:00,1,0,1,0,0,0,55.0,1.0,1,0.0,0.0
S0017-20250120-25,U000017,2025-01-20 12:09:00,2025-01-20 12:09:00,1,0,1,0,0,0,60.0,1.0,1,0.0,0.0
S0017-20250120-32,U000017,2025-01-20 16:20:00,2025-01-20 16:20:00,1,0,1,0,0,0,56.0,1.0,1,0.0,0.0
S0018-20250102-71,U000018,2025-01-02 23:47:00,2025-01-02 23:47:00,1,0,0,0,1,0,20.0,4.0,1,0.0,0.0
S0018-20250107-96,U000018,2025-01-07 18:01:00,2025-01-07 18:01:00,1,0,0,0,0,1,22.0,8.0,1,0.0,1.0
S0018-20250108-52,U000018,2025-01-08 21:44:00,2025-01-08 21:44:00,1,0,1,0,0,0,47.0,1.0,1,0.0,0.0
S0018-20250110-19,U000018,2025-01-10 17:45:00,2025-01-10 17:45:00,1,1,0,0,0,0,19.0,1.5,1,0.0,0.0
S0018-20250120-36,U000018,2025-01-20 12:14:00,2025-01-20 12:14:00,1,0,1,0,0,0,38.0,1.0,1,0.0,0.0
S0019-20250101-11,U000019,2025-01-01 15:59:00,2025-01-01 15:59:00,1,0,1,0,0,0,16.0,1.0,1,0.0,0.0
S0019-20250101-12,U000019,2025-01-01 03:42:00,2025-01-01 03:42:00,1,0,0,0,0,1,72.0,8.0,1,0.0,1.0
S0019-20250103-24,U000019,2025-01-03 23:22:00,2025-01-03 23:22:00,1,0,0,1,0,0,31.0,2.0,1,0.0,0.0
S0019-20250107-09,U000019,2025-01-07 13:37:00,2025-01-07 13:37:00,1,0,0,1,0,0,73.0,2.0,1,0.0,0.0
S0019-20250107-10,U000019,2025-01-07 14:48:00,2025-01-07 14:48:00,1,0,0,0,1,0,41.0,4.0,1,0.0,0.0
S0019-20250107-57,U000019,2025-01-07 12:58:00,2025-01-07 12:58:00,1,0,0,0,0,1,73.0,8.0,1,0.0,1.0
S0019-20250110-15,U000019,2025-01-10 01:13:00,2025-01-10 01:13:00,1,1,0,0,0,0,30.0,1.5,1,0.0,0.0
S0019-20250113-31,U000019,2025-01-13 17:25:00,2025-01-13 17:25:00,1,0,1,0,0,0,11.0,1.0,1,0.0,0.0
S0019-20250113-84,U000019,2025-01-13 04:22:00,2025-01-13 04:22:00,1,0,1,0,0,0,43.0,1.0,1,0.0,0.0
S0019-20250115-59,U000019,2025-01-15 10:55:00,2025-01-15 10:55:00,1,1,0,0,0,0,29.0,1.5,1,0.0,0.0
S0019-20250120-14,U000019,2025-01-20 19:13:00,2025-01-20 19:13:00,1,0,1,0,0,0,45.0,1.0,1,0.0,0.0
S0019-20250120-15,U000019,2025-01-20 05:26:00,2025-01-20 05:26:00,1,0,1,0,0,0,40.0,1.0,1,0.0,0.0
S0020-20250103-50,U000020,2025-01-03 20:42:00,2025-01-03 20:42:00,1,0,0,0,1,0,39.0,4.0,1,0.0,0.0
S0020-20250103-93,U000020,2025-01-03 14:26:00,2025-01-03 14:26:00,1,0,0,1,0,0,19.0,2.0,1,0.0,0.0
S0020-20250104-44,U000020,2025-01-04 23:19:00,2025-01-04 23:19:00,1,0,0,1,0,0,22.0,2.0,1,0.0,0.0
S0020-20250107-34,U000020,2025-01-07 13:17:00,2025-01-07 13:17:00,1,0,1,0,0,0,52.0,1.0,1,0.0,0.0
S0020-20250108-46,U000020,2025-01-08 01:41:00,2025-01-08 01:41:00,1,0,1,0,0,0,55.0,1.0,1,0.0,0.0
S0020-20250109-38,U000020,2025-01-09 21:38:00,2025-01-09 21:38:00,1,0,1,0,0,0,23.0,1.0,1,0.0,0.0
S0020-20250110-11,U000020,2025-01-10 15:31:00,2025-01-10 15:31:00,1,1,0,0,0,0,79.0,1.5,1,0.0,0.0
S0020-20250110-65,U000020,2025-01-10 01:03:00,2025-01-10 01:03:00,1,0,1,0,0,0,46.0,1.0,1,0.0,0.0
S0020-20250110-71,U000020,2025-01-10 00:36:00,2025-01-10 00:36:00,1,0,1,0,0,0,26.0,1.0,1,0.0,0.0
S0020-20250113-11,U000020,2025-01-13 05:01:00,2025-01-13 05:01:00,1,0,0,0,0,1,19.0,8.0,1,0.0,1.0
S0020-20250113-65,U000020,2025-01-13 21:23:00,2025-01-13 21:23:00,1,0,0,1,0,0,14.0,2.0,1,0.0,0.0
S0020-20250114-26,U000020,2025-01-14 11:47:00,2025-01-14 11:47:00,1,0,0,1,0,0,31.0,2.0,1,0.0,0.0
S0020-20250115-72,U000020,2025-01-15 07:22:00,2025-01-15 07:22:00,1,0,1,0,0,0,148.0,1.0,1,0.0,0.0
S0021-20250102-17,U000021,2025-01-02 23:55:00,2025-01-02 23:55:00,1,0,0,0,1,0,21.0,4.0,1,0.0,0.0
S0021-20250102-83,U000021,2025-01-02 17:54:00,2025-01-02 17:54:00,1,0,1,0,0,0,43.0,1.0,1,0.0,0.0
S0021-20250104-66,U000021,2025-01-04 01:35:00,2025-01-04 01:35:00,1,0,1,0,0,0,107.0,1.0,1,0.0,0.0
S0021-20250106-35,U000021,2025-01-06 07:14:00,2025-01-06 07:14:00,1,0,1,0,0,0,65.0,1.0,1,0.0,0.0
S0021-20250110-07,U000021,2025-01-10 14:45:00,2025-01-10 14:45:00,1,0,0,0,0,1,88.0,8.0,1,0.0,1.0
S0021-20250112-14,U000021,2025-01-12 06:33:00,2025-01-12 06:33:00,1,0,0,0,1,0,120.0,4.0,1,0.0,0.0
S0021-20250113-60,U000021,2025-01-13 02:42:00,2025-01-13 02:42:00,1,0,1,0,0,0,17.0,1.0,1,0.0,0.0
S0021-20250113-63,U000021,2025-01-13 16:41:00,2025-01-13 16:41:00,1,0,1,0,0,0,87.0,1.0,1,0.0,0.0
S0021-20250118-73,U000021,2025-01-18 19:24:00,2025-01-18 19:24:00,1,0,0,0,0,1,29.0,8.0,1,0.0,1.0
S0021-20250119-63,U000021,2025-01-19 06:26:00,2025-01-19 06:26:00,1,0,1,0,0,0,35.0,1.0,1,0.0,0.0
S0022-20250103-27,U000022,2025-01-03 08:23:00,2025-01-03 08:23:00,1,0,1,0,0,0,8.0,1.0,1,0.0,0.0
S0022-20250104-06,U000022,2025-01-04 02:52:00,2025-01-04 02:52:00,1,0,1,0,0,0,45.0,1.0,1,0.0,0.0
S0022-20250104-21,U000022,2025-01-04 07:35:00,2025-01-04 07:35:00,1,0,1,0,0,0,48.0,1.0,1,0.0,0.0
S0022-20250105-40,U000022,2025-01-05 12:00:00,2025-01-05 12:00:00,1,1,0,0,0,0,33.0,1.5,1,0.0,0.0
S0022-20250106-46,U000022,2025-01-06 20:04:00,2025-01-06 20:04:00,1,0,1,0,0,0,14.0,1.0,1,0.0,0.0
S0022-20250106-72,U000022,2025-01-06 06:58:00,2025-01-06 06:58:00,1,0,0,1,0,0,13.0,2.0,1,0.0,0.0
S0022-20250108-20,U000022,2025-01-08 04:50:00,2025-01-08 04:50:00,1,0,1,0,0,0,41.0,1.0,1,0.0,0.0
S0022-20250112-27,U000022,2025-01-12 15:50:00,2025-01-12 15:50:00,1,0,1,0,0,0,55.0,1.0,1,0.0,0.0
S0022-20250114-33,U000022,2025-01-14 04:21:00,2025-01-14 04:21:00,1,1,0,0,0,0,30.0,1.5,1,0.0,0.0
S0022-20250115-47,U000022,2025-01-15 20:50:00,2025-01-15 20:50:00,1,0,1,0,0,0,16.0,1.0,1,0.0,0.0
S0022-20250119-64,U000022,2025-01-19 07:58:00,2025-01-19 07:58:00,1,0,0,1,0,0,82.0,2.0,1,0.0,0.0
S0023-20250102-15,U000023,2025-01-02 01:46:00,2025-01-02 01:46:00,1,0,0,0,1,0,41.0,4.0,1,0.0,0.0
S0023-20250103-10,U000023,2025-01-03 22:15:00,2025-01-03 22:15:00,1,0,1,0,0,0,53.0,1.0,1,0.0,0.0
S0023-20250107-66,U000023,2025-01-07 15:33:00,2025-01-07 15:33:00,1,0,0,0,0,1,28.0,8.0,1,0.0,1.0
S0023-20250109-52,U000023,2025-01-09 02:48:00,2025-01-09 02:48:00,1,0,0,0,1,0,71.0,4.0,1,0.0,0.0
S0023-20250111-36,U000023,2025-01-11 17:35:00,2025-01-11 17:35:00,1,0,1,0,0,0,49.0,1.0,1,0.0,0.0
S0023-20250114-94,U000023,2025-01-14 18:13:00,2025-01-14 18:13:00,1,0,1,0,0,0,27.0,1.0,1,0.0,0.0
S0023-20250115-35,U000023,2025-01-15 00:26:00,2025-01-15 00:26:00,1,1,0,0,0,0,53.0,1.5,1,0.0,0.0
S0023-20250115-37,U000023,2025-01-15 23:05:00,2025-01-15 23:05:00,1,0,1,0,0,0,3.0,1.0,1,0.0,0.0
S0023-20250117-96,U000023,2025-01-17 19:52:00,2025-01-17 19:52:00,1,0,1,0,0,0,30.0,1.0,1,0.0,0.0
S0024-20250101-04,U000024,2025-01-01 06:48:00,2025-01-01 06:48:00,1,0,0,1,0,0,79.0,2.0,1,0.0,0.0
S0024-20250102-77,U000024,2025-01-02 04:45:00,2025-01-02 04:45:00,1,0,1,0,0,0,31.0,1.0,1,0.0,0.0
S0024-20250104-10,U000024,2025-01-04 21:56:00,2025-01-04 21:56:00,1,0,1,0,0,0,89.0,1.0,1,0.0,0.0
S0024-20250104-70,U000024,2025-01-04 01:42:00,2025-01-04 01:42:00,1,0,1,0,0,0,88.0,1.0,1,0.0,0.0
S0024-20250106-64,U000024,2025-01-06 00:01:00,2025-01-06 00:01:00,1,0,1,0,0,0,61.0,1.0,1,0.0,0.0
S0024-20250109-26,U000024,2025-01-09 20:11:00,2025-01-09 20:11:00,1,0,0,0,0,1,35.0,8.0,1,0.0,1.0
S0024-20250111-56,U000024,2025-01-11 16:34:00,2025-01-11 16:34:00,1,0,1,0,0,0,37.0,1.0,1,0.0,0.0
S0024-20250116-18,U000024,2025-01-16 05:15:00,2025-01-16 05:15:00,1,0,0,1,0,0,24.0,2.0,1,0.0,0.0
S0024-20250118-44,U000024,2025-01-18 22:52:00,2025-01-18 22:52:00,1,0,0,0,0,1,39.0,8.0,1,0.0,1.0
S0024-20250120-01,U000024,2025-01-20 05:46:00,2025-01-20 05:46:00,1,0,1,0,0,0,22.0,1.0,1,0.0,0.0
S0025-20250102-95,U000025,2025-01-02 00:13:00,2025-01-02 00:13:00,1,0,1,0,0,0,4.0,1.0,1,0.0,0.0
S0025-20250103-55,U000025,2025-01-03 13:15:00,2025-01-03 13:15:00,1,0,1,0,0,0,51.0,1.0,1,0.0,0.0
S0025-20250105-38,U000025,2025-01-05 02:18:00,2025-01-05 02:18:00,1,0,0,0,0,1,35.0,8.0,1,0.0,1.0
S0025-20250105-42,U000025,2025-01-05 05:46:00,2025-01-05 05:46:00,1,0,1,0,0,0,48.0,1.0,1,0.0,0.0
S0025-20250107-24,U000025,2025-01-07 09:49:00,2025-01-07 09:49:00,1,0,0,0,0,1,16.0,8.0,1,0.0,1.0
S0025-20250109-63,U000025,2025-01-09 05:14:00,2025-01-09 05:14:00,1,0,0,0,0,1,25.0,8.0,1,0.0,1.0
S0025-20250111-42,U000025,2025-01-11 10:54:00,2025-01-11 10:54:00,1,0,0,0,0,1,71.0,8.0,1,0.0,1.0
S0025-20250112-73,U000025,2025-01-12 09:47:00,2025-01-12 09:47:00,1,0,0,1,0,0,17.0,2.0,1,0.0,0.0
S0025-20250116-34,U000025,2025-01-16 22:19:00,2025-01-16 22:19:00,1,0,1,0,0,0,59.0,1.0,1,0.0,0.0
S0025-20250119-44,U000025,2025-01-19 22:17:00,2025-01-19 22:17:00,1,0,0,1,0,0,26.0,2.0,1,0.0,0.0
S0025-20250119-83,U000025,2025-01-19 19:06:00,2025-01-19 19:06:00,1,0,1,0,0,0,17.0,1.0,1,0.0,0.0
S0026-20250104-22,U000026,2025-01-04 01:18:00,2025-01-04 01:18:00,1,0,1,0,0,0,59.0,1.0,1,0.0,0.0
S0026-20250105-91,U000026,2025-01-05 23:13:00,2025-01-05 23:13:00,1,0,1,0,0,0,34.0,1.0,1,0.0,0.0
S0026-20250109-04,U000026,2025-01-09 11:07:00,2025-01-09 11:07:00,1,0,0,1,0,0,33.0,2.0,1,0.0,0.0
S0026-20250109-81,U000026,2025-01-09 06:04:00,2025-01-09 06:04:00,1,0,0,1,0,0,85.0,2.0,1,0.0,0.0
S0026-20250110-01,U000026,2025-01-10 03:50:00,2025-01-10 03:50:00,1,0,0,1,0,0,21.0,2.0,1,0.0,0.0
S0026-20250111-01,U000026,2025-01-11 21:35:00,2025-01-11 21:35:00,1,0,0,0,1,0,25.0,4.0,1,0.0,0.0
S0026-20250111-31,U000026,2025-01-11 03:26:00,2025-01-11 03:26:00,1,0,0,1,0,0,105.0,2.0,1,0.0,0.0
S0026-20250114-27,U000026,2025-01-14 06:48:00,2025-01-14 06:48:00,1,0,1,0,0,0,49.0,1.0,1,0.0,0.0
S0026-20250115-06,U000026,2025-01-15 11:26:00,2025-01-15 11:26:00,1,0,1,0,0,0,97.0,1.0,1,0.0,0.0
S0026-20250117-49,U000026,2025-01-17 00:17:00,2025-01-17 00:17:00,1,0,0,0,0,1,12.0,8.0,1,0.0,1.0
S0026-20250118-21,U000026,2025-01-18 21:15:00,2025-01-18 21:15:00,1,0,0,0,1,0,26.0,4.0,1,0.0,0.0
S0027-20250101-82,U000027,2025-01-01 23:38:00,2025-01-01 23:38:00,1,1,0,0,0,0,39.0,1.5,1,0.0,0.0
S0027-20250102-41,U000027,2025-01-02 09:11:00,2025-01-02 09:11:00,1,0,1,0,0,0,28.0,1.0,1,0.0,0.0
S0027-20250102-71,U000027,2025-01-02 23:55:00,2025-01-02 23:55:00,1,0,0,1,0,0,83.0,2.0,1,0.0,0.0
S0027-20250104-43,U000027,2025-01-04 15:49:00,2025-01-04 15:49:00,1,0,0,1,0,0,6.0,2.0,1,0.0,0.0
S0027-20250108-76,U000027,2025-01-08 07:16:00,2025-01-08 07:16:00,1,0,0,0,1,0,44.0,4.0,1,0.0,0.0
S0027-20250108-83,U000027,2025-01-08 04:20:00,2025-01-08 04:20:00,1,0,0,0,1,0,16.0,4.0,1,0.0,0.0
S0027-20250113-36,U000027,2025-01-13 17:31:00,2025-01-13 17:31:00,1,0,1,0,0,0,29.0,1.0,1,0.0,0.0
S0027-20250113-91,U000027,2025-01-13 02:09:00,2025-01-13 02:09:00,1,0,0,0,0,1,50.0,8.0,1,0.0,1.0
S0027-20250114-14,U000027,2025-01-14 14:07:00,2025-01-14 14:07:00,1,0,0,0,1,0,62.0,4.0,1,0.0,0.0
S0027-20250117-31,U000027,2025-01-17 20:37:00,2025-01-17 20:37:00,1,0,0,1,0,0,35.0,2.0,1,0.0,0.0
S0027-20250118-95,U000027,2025-01-18 04:47:00,2025-01-18 04:47:00,1,0,0,1,0,0,11.0,2.0,1,0.0,0.0
S0028-20250104-35,U000028,2025-01-04 16:39:00,2025-01-04 16:39:00,1,0,0,1,0,0,22.0,2.0,1,0.0,0.0
S0028-20250106-13,U000028,2025-01-06 23:47:00,2025-01-06 23:47:00,1,0,1,0,0,0,80.0,1.0,1,0.0,0.0
S0028-20250114-24,U000028,2025-01-14 06:53:00,2025-01-14 06:53:00,1,0,1,0,0,0,29.0,1.0,1,0.0,0.0
S0028-20250116-19,U000028,2025-01-16 20:30:00,2025-01-16 20:30:00,1,0,1,0,0,0,63.0,1.0,1,0.0,0.0
S0028-20250117-00,U000028,2025-01-17 17:02:00,2025-01-17 17:02:00,1,0,1,0,0,0,44.0,1.0,1,0.0,0.0
S0028-20250117-42,U000028,2025-01-17 13:27:00,2025-01-17 13:27:00,1,0,0,1,0,0,79.0,2.0,1,0.0,0.0
S0028-20250118-58,U000028,2025-01-18 04:25:00,2025-01-18 04:25:00,1,0,1,0,0,0,43.0,1.0,1,0.0,0.0
S0029-20250103-24,U000029,2025-01-03 19:34:00,2025-01-03 19:34:00,1,0,0,0,1,0,21.0,4.0,1,0.0,0.0
S0029-20250103-56,U000029,2025-01-03 13:07:00,2025-01-03 13:07:00,1,0,1,0,0,0,93.0,1.0,1,0.0,0.0
S0029-20250104-76,U000029,2025-01-04 21:56:00,2025-01-04 21:56:00,1,0,0,1,0,0,15.0,2.0,1,0.0,0.0
S0029-20250105-46,U000029,2025-01-05 20:10:00,2025-01-05 20:10:00,1,0,1,0,0,0,32.0,1.0,1,0.0,0.0
S0029-20250108-62,U000029,2025-01-08 03:16:00,2025-01-08 03:16:00,1,0,1,0,0,0,37.0,1.0,1,0.0,0.0
S0029-20250111-17,U000029,2025-01-11 20:05:00,2025-01-11 20:05:00,1,1,0,0,0,0,77.0,1.5,1,0.0,0.0
S0029-20250111-26,U000029,2025-01-11 15:32:00,2025-01-11 15:32:00,1,0,1,0,0,0,37.0,1.0,1,0.0,0.0
S0029-20250111-68,U000029,2025-01-11 07:53:00,2025-01-11 07:53:00,1,0,0,0,0,1,30.0,8.0,1,0.0,1.0
S0029-20250112-91,U000029,2025-01-12 06:19:00,2025-01-12 06:19:00,1,0,0,1,0,0,31.0,2.0,1,0.0,0.0
S0029-20250113-00,U000029,2025-01-13 19:36:00,2025-01-13 19:36:00,1,0,1,0,0,0,17.0,1.0,1,0.0,0.0
S0029-20250113-21,U000029,2025-01-13 05:19:00,2025-01-13 05:19:00,1,0,1,0,0,0,64.0,1.0,1,0.0,0.0
S0029-20250114-12,U000029,2025-01-14 16:58:00,2025-01-14 16:58:00,1,0,0,0,1,0,25.0,4.0,1,0.0,0.0
S0029-20250114-88,U000029,2025-01-14 08:31:00,2025-01-14 08:31:00,1,0,0,0,0,1,29.0,8.0,1,0.0,1.0
S0030-20250101-79,U000030,2025-01-01 09:59:00,2025-01-01 09:59:00,1,0,0,0,0,1,58.0,8.0,1,0.0,1.0
S0030-20250103-92,U000030,2025-01-03 06:53:00,2025-01-03 06:53:00,1,0,1,0,0,0,96.0,1.0,1,0.0,0.0
S0030-20250105-60,U000030,2025-01-05 16:10:00,2025-01-05 16:10:00,1,0,1,0,0,0,55.0,1.0,1,0.0,0.0
S0030-20250106-16,U000030,2025-01-06 12:48:00,2025-01-06 12:48:00,1,0,1,0,0,0,15.0,1.0,1,0.0,0.0
S0030-20250107-56,U000030,2025-01-07 19:48:00,2025-01-07 19:48:00,1,0,0,1,0,0,50.0,2.0,1,0.0,0.0
S0030-20250109-53,U000030,2025-01-09 16:18:00,2025-01-09 16:18:00,1,0,1,0,0,0,86.0,1.0,1,0.0,0.0
S0030-20250110-06,U000030,2025-01-10 00:58:00,2025-01-10 00:58:00,1,0,0,0,0,1,52.0,8.0,1,0.0,1.0
S0030-20250110-50,U000030,2025-01-10 02:19:00,2025-01-10 02:19:00,1,0,0,0,0,1,47.0,8.0,1,0.0,1.0
S0030-20250111-08,U000030,2025-01-11 10:10:00,2025-01-11 10:10:00,1,0,1,0,0,0,55.0,1.0,1,0.0,0.0
S0030-20250112-22,U000030,2025-01-12 01:48:00,2025-01-12 01:48:00,1,0,0,1,0,0,53.0,2.0,1,0.0,0.0
S0030-20250112-76,U000030,2025-01-12 09:30:00,2025-01-12 09:30:00,1,0,1,0,0,0,44.0,1.0,1,0.0,0.0
S0030-20250113-35,U000030,2025-01-13 18:01:00,2025-01-13 18:01:00,1,0,1,0,0,0,65.0,1.0,1,0.0,0.0
S0030-20250120-10,U000030,2025-01-20 13:25:00,2025-01-20 13:25:00,1,0,1,0,0,0,18.0,1.0,1,0.0,0.0
S0031-20250102-37,U000031,2025-01-02 17:04:00,2025-01-02 17:04:00,1,0,1,0,0,0,14.0,1.0,1,0.0,0.0
S0031-20250103-12,U000031,2025-01-03 03:32:00,2025-01-03 03:32:00,1,0,1,0,0,0,38.0,1.0,1,0.0,0.0
S0031-20250104-48,U000031,2025-01-04 14:23:00,2025-01-04 14:23:00,1,0,1,0,0,0,19.0,1.0,1,0.0,0.0
S0031-20250109-06,U000031,2025-01-09 17:26:00,2025-01-09 17:26:00,1,0,1,0,0,0,90.0,1.0,1,0.0,0.0
S0031-20250114-22,U000031,2025-01-14 14:18:00,2025-01-14 14:18:00,1,0,1,0,0,0,20.0,1.0,1,0.0,0.0
S0031-20250120-67,U000031,2025-01-20 19:55:00,2025-01-20 19:55:00,1,1,0,0,0,0,11.0,1.5,1,0.0,0.0
S0032-20250101-84,U000032,2025-01-01 04:17:00,2025-01-01 04:17:00,1,0,0,0,0,1,53.0,8.0,1,0.0,1.0
S0032-20250102-93,U000032,2025-01-02 15:30:00,2025-01-02 15:30:00,1,0,1,0,0,0,19.0,1.0,1,0.0,0.0
S0032-20250106-22,U000032,2025-01-06 01:14:00,2025-01-06 01:14:00,1,0,0,1,0,0,28.0,2.0,1,0.0,0.0
S0032-20250106-50,U000032,2025-01-06 01:01:00,2025-01-06 01:01:00,1,0,1,0,0,0,16.0,1.0,1,0.0,0.0
S0032-20250106-66,U000032,2025-01-06 06:07:00,2025-01-06 06:07:00,1,0,1,0,0,0,36.0,1.0,1,0.0,0.0
S0032-20250109-25,U000032,2025-01-09 00:41:00,2025-01-09 00:41:00,1,0,1,0,0,0,21.0,1.0,1,0.0,0.0
S0032-20250111-42,U000032,2025-01-11 19:33:00,2025-01-11 19:33:00,1,0,0,1,0,0,23.0,2.0,1,0.0,0.0
S0032-20250116-88,U000032,2025-01-16 10:26:00,2025-01-16 10:26:00,1,0,1,0,0,0,19.0,1.0,1,0.0,0.0
S0032-20250116-93,U000032,2025-01-16 19:36:00,2025-01-16 19:36:00,1,0,1,0,0,0,70.0,1.0,1,0.0,0.0
S0032-20250118-48,U000032,2025-01-18 14:22:00,2025-01-18 14:22:00,1,0,0,0,0,1,12.0,8.0,1,0.0,1.0
S0033-20250106-82,U000033,2025-01-06 16:13:00,2025-01-06 16:13:00,1,0,0,1,0,0,66.0,2.0,1,0.0,0.0
S0033-20250108-47,U000033,2025-01-08 04:54:00,2025-01-08 04:54:00,1,0,0,0,0,1,63.0,8.0,1,0.0,1.0
S0033-20250110-48,U000033,2025-01-10 06:19:00,2025-01-10 06:19:00,1,0,0,0,0,1,46.0,8.0,1,0.0,1.0
S0033-20250114-31,U000033,2025-01-14 11:38:00,2025-01-14 11:38:00,1,0,1,0,0,0,54.0,1.0,1,0.0,0.0
S0033-20250118-12,U000033,2025-01-18 14:50:00,2025-01-18 14:50:00,1,0,1,0,0,0,25.0,1.0,1,0.0,0.0
S0033-20250118-87,U000033,2025-01-18 23:53:00,2025-01-18 23:53:00,1,0,0,0,1,0,16.0,4.0,1,0.0,0.0
S0033-20250120-65,U000033,2025-01-20 02:32:00,2025-01-20 02:32:00,1,1,0,0,0,0,44.0,1.5,1,0.0,0.0
S0034-20250101-76,U000034,2025-01-01 11:33:00,2025-01-01 11:33:00,1,0,0,1,0,0,62.0,2.0,1,0.0,0.0
S0034-20250105-73,U000034,2025-01-05 17:06:00,2025-01-05 17:06:00,1,0,1,0,0,0,115.0,1.0,1,0.0,0.0
S0034-20250107-40,U000034,2025-01-07 21:02:00,2025-01-07 21:02:00,1,0,1,0,0,0,28.0,1.0,1,0.0,0.0
S0034-20250109-00,U000034,2025-01-09 18:28:00,2025-01-09 18:28:00,1,0,1,0,0,0,33.0,1.0,1,0.0,0.0
S0034-20250111-33,U000034,2025-01-11 17:22:00,2025-01-11 17:22:00,1,0,1,0,0,0,74.0,1.0,1,0.0,0.0
S0034-20250111-65,U000034,2025-01-11 13:09:00,2025-01-11 13:09:00,1,0,1,0,0,0,62.0,1.0,1,0.0,0.0
S0034-20250113-04,U000034,2025-01-13 08:08:00,2025-01-13 08:08:00,1,1,0,0,0,0,11.0,1.5,1,0.0,0.0
S0034-20250120-05,U000034,2025-01-20 05:09:00,2025-01-20 05:09:00,1,0,0,0,0,1,60.0,8.0,1,0.0,1.0
S0034-20250120-78,U000034,2025-01-20 00:14:00,2025-01-20 00:14:00,1,0,1,0,0,0,8.0,1.0,1,0.0,0.0
S0035-20250101-29,U000035,2025-01-01 09:04:00,2025-01-01 09:04:00,1,0,0,1,0,0,24.0,2.0,1,0.0,0.0
S0035-20250103-07,U000035,2025-01-03 15:00:00,2025-01-03 15:00:00,1,0,1,0,0,0,22.0,1.0,1,0.0,0.0
S0035-20250104-58,U000035,2025-01-04 15:09:00,2025-01-04 15:09:00,1,0,0,0,0,1,51.0,8.0,1,0.0,1.0
S0035-20250104-81,U000035,2025-01-04 06:56:00,2025-01-04 06:56:00,1,0,0,0,0,1,11.0,8.0,1,0.0,1.0
S0035-20250106-88,U000035,2025-01-06 16:57:00,2025-01-06 16:57:00,1,0,1,0,0,0,44.0,1.0,1,0.0,0.0
S0035-20250108-57,U000035,2025-01-08 19:29:00,2025-01-08 19:29:00,1,0,0,0,0,1,19.0,8.0,1,0.0,1.0
S0035-20250109-61,U000035,2025-01-09 02:20:00,2025-01-09 02:20:00,1,0,0,1,0,0,109.0,2.0,1,0.0,0.0
S0035-20250110-74,U000035,2025-01-10 22:34:00,2025-01-10 22:34:00,1,0,0,1,0,0,14.0,2.0,1,0.0,0.0
S0035-20250111-26,U000035,2025-01-11 02:24:00,2025-01-11 02:24:00,1,0,1,0,0,0,47.0,1.0,1,0.0,0.0
S0035-20250112-48,U000035,2025-01-12 15:48:00,2025-01-12 15:48:00,1,0,0,0,0,1,10.0,8.0,1,0.0,1.0
S0035-20250113-28,U000035,2025-01-13 01:44:00,2025-01-13 01:44:00,1,0,0,1,0,0,65.0,2.0,1,0.0,0.0
S0035-20250113-51,U000035,2025-01-13 01:33:00,2025-01-13 01:33:00,1,0,0,0,0,1,28.0,8.0,1,0.0,1.0
S0035-20250113-92,U000035,2025-01-13 00:08:00,2025-01-13 00:08:00,1,0,1,0,0,0,55.0,1.0,1,0.0,0.0
S0035-20250116-71,U000035,2025-01-16 23:29:00,2025-01-16 23:29:00,1,1,0,0,0,0,46.0,1.5,1,0.0,0.0
S0035-20250117-27,U000035,2025-01-17 16:54:00,2025-01-17 16:54:00,1,0,1,0,0,0,149.0,1.0,1,0.0,0.0
S0035-20250117-35,U000035,2025-01-17 12:16:00,2025-01-17 12:16:00,1,0,1,0,0,0,2.0,1.0,1,0.0,0.0
S0036-20250101-58,U000036,2025-01-01 02:30:00,2025-01-01 02:30:00,1,0,0,1,0,0,18.0,2.0,1,0.0,0.0
S0036-20250101-62,U000036,2025-01-01 18:30:00,2025-01-01 18:30:00,1,0,1,0,0,0,28.0,1.0,1,0.0,0.0
S0036-20250104-23,U000036,2025-01-04 08:46:00,2025-01-04 08:46:00,1,0,0,0,1,0,25.0,4.0,1,0.0,0.0
S0036-20250104-85,U000036,2025-01-04 00:38:00,2025-01-04 00:38:00,1,0,1,0,0,0,40.0,1.0,1,0.0,0.0
S0036-20250107-18,U000036,2025-01-07 00:52:00,2025-01-07 00:52:00,1,0,0,0,1,0,49.0,4.0,1,0.0,0.0
S0036-20250109-54,U000036,2025-01-09 21:49:00,2025-01-09 21:49:00,1,0,0,0,1,0,36.0,4.0,1,0.0,0.0
S0036-20250111-41,U000036,2025-01-11 03:13:00,2025-01-11 03:13:00,1,0,1,0,0,0,83.0,1.0,1,0.0,0.0
S0036-20250113-08,U000036,2025-01-13 16:25:00,2025-01-13 16:25:00,1,0,0,0,0,1,42.0,8.0,1,0.0,1.0
S0036-20250115-02,U000036,2025-01-15 05:24:00,2025-01-15 05:24:00,1,0,0,0,0,1,40.0,8.0,1,0.0,1.0
S0036-20250116-54,U000036,2025-01-16 09:08:00,2025-01-16 09:08:00,1,1,0,0,0,0,28.0,1.5,1,0.0,0.0
S0036-20250116-76,U000036,2025-01-16 15:43:00,2025-01-16 15:43:00,1,0,1,0,0,0,60.0,1.0,1,0.0,0.0
S0036-20250117-25,U000036,2025-01-17 17:05:00,2025-01-17 17:05:00,1,0,1,0,0,0,13.0,1.0,1,0.0,0.0
S0036-20250120-00,U000036,2025-01-20 13:33:00,2025-01-20 13:33:00,1,0,1,0,0,0,110.0,1.0,1,0.0,0.0
S0037-20250101-77,U000037,2025-01-01 15:15:00,2025-01-01 15:15:00,1,0,0,0,0,1,50.0,8.0,1,0.0,1.0
S0037-20250103-25,U000037,2025-01-03 17:51:00,2025-01-03 17:51:00,1,0,1,0,0,0,44.0,1.0,1,0.0,0.0
S0037-20250104-27,U000037,2025-01-04 00:51:00,2025-01-04 00:51:00,1,0,1,0,0,0,42.0,1.0,1,0.0,0.0
S0037-20250104-83,U000037,2025-01-04 22:41:00,2025-01-04 22:41:00,1,0,0,0,0,1,53.0,8.0,1,0.0,1.0
S0037-20250109-78,U000037,2025-01-09 06:29:00,2025-01-09 06:29:00,1,0,1,0,0,0,56.0,1.0,1,0.0,0.0
S0037-20250110-24,U000037,2025-01-10 23:30:00,2025-01-10 23:30:00,1,0,0,0,0,1,100.0,8.0,1,0.0,1.0
S0037-20250112-68,U000037,2025-01-12 15:11:00,2025-01-12 15:11:00,1,0,1,0,0,0,51.0,1.0,1,0.0,0.0
S0037-20250114-07,U000037,2025-01-14 23:29:00,2025-01-14 23:29:00,1,0,1,0,0,0,68.0,1.0,1,0.0,0.0
S0037-20250118-15,U000037,2025-01-18 15:36:00,2025-01-18 15:36:00,1,0,1,0,0,0,43.0,1.0,1,0.0,0.0
S0038-20250104-00,U000038,2025-01-04 01:42:00,2025-01-04 01:42:00,1,0,0,0,0,1,55.0,8.0,1,0.0,1.0
S0038-20250105-81,U000038,2025-01-05 01:02:00,2025-01-05 01:02:00,1,0,1,0,0,0,95.0,1.0,1,0.0,0.0
S0038-20250111-62,U000038,2025-01-11 17:32:00,2025-01-11 17:32:00,1,0,0,0,0,1,27.0,8.0,1,0.0,1.0
S0038-20250113-54,U000038,2025-01-13 21:39:00,2025-01-13 21:39:00,1,0,1,0,0,0,105.0,1.0,1,0.0,0.0
S0038-20250114-35,U000038,2025-01-14 15:37:00,2025-01-14 15:37:00,1,0,1,0,0,0,45.0,1.0,1,0.0,0.0
S0038-20250116-13,U000038,2025-01-16 19:37:00,2025-01-16 19:37:00,1,0,0,0,1,0,39.0,4.0,1,0.0,0.0
S0038-20250116-96,U000038,2025-01-16 22:33:00,2025-01-16 22:33:00,1,1,0,0,0,0,96.0,1.5,1,0.0,0.0
S0038-20250117-31,U000038,2025-01-17 18:47:00,2025-01-17 18:47:00,1,0,1,0,0,0,33.0,1.0,1,0.0,0.0
S0038-20250119-59,U000038,2025-01-19 19:12:00,2025-01-19 19:12:00,1,0,1,0,0,0,32.0,1.0,1,0.0,0.0
S0038-20250120-43,U000038,2025-01-20 23:47:00,2025-01-20 23:47:00,1,0,1,0,0,0,70.0,1.0,1,0.0,0.0
S0039-20250102-09,U000039,2025-01-02 00:28:00,2025-01-02 00:28:00,1,0,0,1,0,0,42.0,2.0,1,0.0,0.0
S0039-20250103-34,U000039,2025-01-03 17:41:00,2025-01-03 17:41:00,1,0,0,0,1,0,30.0,4.0,1,0.0,0.0
S0039-20250105-51,U000039,2025-01-05 21:59:00,2025-01-05 21:59:00,1,0,0,0,1,0,84.0,4.0,1,0.0,0.0
S0039-20250106-01,U000039,2025-01-06 02:32:00,2025-01-06 02:32:00,1,0,1,0,0,0,16.0,1.0,1,0.0,0.0
S0039-20250106-64,U000039,2025-01-06 04:23:00,2025-01-06 04:23:00,1,0,1,0,0,0,15.0,1.0,1,0.0,0.0
S0039-20250108-69,U000039,2025-01-08 04:57:00,2025-01-08 04:57:00,1,0,1,0,0,0,18.0,1.0,1,0.0,0.0
S0039-20250109-29,U000039,2025-01-09 20:17:00,2025-01-09 20:17:00,1,0,1,0,0,0,20.0,1.0,1,0.0,0.0
S0039-20250112-41,U000039,2025-01-12 22:51:00,2025-01-12 22:51:00,1,0,0,0,1,0,23.0,4.0,1,0.0,0.0
S0039-20250114-93,U000039,2025-01-14 11:24:00,2025-01-14 11:24:00,1,0,1,0,0,0,19.0,1.0,1,0.0,0.0
S0039-20250120-07,U000039,2025-01-20 02:48:00,2025-01-20 02:48:00,1,0,0,1,0,0,49.0,2.0,1,0.0,0.0
S0039-20250120-34,U000039,2025-01-20 10:49:00,2025-01-20 10:49:00,1,0,0,1,0,0,39.0,2.0,1,0.0,0.0
S0039-20250120-48,U000039,2025-01-20 15:37:00,2025-01-20 15:37:00,1,1,0,0,0,0,97.0,1.5,1,0.0,0.0
S0040-20250111-47,U000040,2025-01-11 06:15:00,2025-01-11 06:15:00,1,0,1,0,0,0,9.0,1.0,1,0.0,0.0
S0040-20250112-14,U000040,2025-01-12 05:05:00,2025-01-12 05:05:00,1,0,0,0,0,1,28.0,8.0,1,0.0,1.0
S0040-20250119-13,U000040,2025-01-19 08:07:00,2025-01-19 08:07:00,1,0,0,1,0,0,35.0,2.0,1,0.0,0.0
S0041-20250105-14,U000041,2025-01-05 08:41:00,2025-01-05 08:41:00,1,0,0,1,0,0,26.0,2.0,1,0.0,0.0
S0041-20250105-21,U000041,2025-01-05 17:24:00,2025-01-05 17:24:00,1,0,1,0,0,0,39.0,1.0,1,0.0,0.0
S0041-20250105-68,U000041,2025-01-05 03:57:00,2025-01-05 03:57:00,1,0,1,0,0,0,44.0,1.0,1,0.0,0.0
S0041-20250111-06,U000041,2025-01-11 20:05:00,2025-01-11 20:05:00,1,0,1,0,0,0,45.0,1.0,1,0.0,0.0
S0041-20250111-09,U000041,2025-01-11 17:50:00,2025-01-11 17:50:00,1,0,0,1,0,0,19.0,2.0,1,0.0,0.0
S0041-20250118-02,U000041,2025-01-18 09:02:00,2025-01-18 09:02:00,1,0,1,0,0,0,34.0,1.0,1,0.0,0.0
S0042-20250101-52,U000042,2025-01-01 10:20:00,2025-01-01 10:20:00,1,0,1,0,0,0,40.0,1.0,1,0.0,0.0
S0042-20250102-60,U000042,2025-01-02 10:27:00,2025-01-02 10:27:00,1,0,0,0,0,1,67.0,8.0,1,0.0,1.0
S0042-20250102-70,U000042,2025-01-02 17:48:00,2025-01-02 17:48:00,1,0,0,0,0,1,40.0,8.0,1,0.0,1.0
S0042-20250103-17,U000042,2025-01-03 15:14:00,2025-01-03 15:14:00,1,0,0,1,0,0,34.0,2.0,1,0.0,0.0
S0042-20250106-08,U000042,2025-01-06 09:26:00,2025-01-06 09:26:00,1,0,0,1,0,0,36.0,2.0,1,0.0,0.0
S0042-20250109-78,U000042,2025-01-09 22:03:00,2025-01-09 22:03:00,1,0,1,0,0,0,36.0,1.0,1,0.0,0.0
S0042-20250112-28,U000042,2025-01-12 14:48:00,2025-01-12 14:48:00,1,0,0,1,0,0,31.0,2.0,1,0.0,0.0
S0042-20250113-69,U000042,2025-01-13 03:38:00,2025-01-13 03:38:00,1,0,1,0,0,0,18.0,1.0,1,0.0,0.0
S0042-20250114-23,U000042,2025-01-14 10:14:00,2025-01-14 10:14:00,1,0,1,0,0,0,42.0,1.0,1,0.0,0.0
S0042-20250116-77,U000042,2025-01-16 13:09:00,2025-01-16 13:09:00,1,1,0,0,0,0,19.0,1.5,1,0.0,0.0
S0042-20250118-65,U000042,2025-01-18 13:08:00,2025-01-18 13:08:00,1,0,0,0,0,1,5.0,8.0,1,0.0,1.0
S0043-20250101-09,U000043,2025-01-01 11:51:00,2025-01-01 11:51:00,1,0,1,0,0,0,80.0,1.0,1,0.0,0.0
S0043-20250104-12,U000043,2025-01-04 09:13:00,2025-01-04 09:13:00,1,0,0,0,0,1,21.0,8.0,1,0.0,1.0
S0043-20250105-56,U000043,2025-01-05 21:25:00,2025-01-05 21:25:00,1,0,0,0,0,1,46.0,8.0,1,0.0,1.0
S0043-20250109-22,U000043,2025-01-09 22:02:00,2025-01-09 22:02:00,1,1,0,0,0,0,35.0,1.5,1,0.0,0.0
S0043-20250109-73,U000043,2025-01-09 20:18:00,2025-01-09 20:18:00,1,0,1,0,0,0,18.0,1.0,1,0.0,0.0
S0043-20250112-29,U000043,2025-01-12 23:58:00,2025-01-12 23:58:00,1,0,0,0,1,0,15.0,4.0,1,0.0,0.0
S0043-20250114-53,U000043,2025-01-14 01:27:00,2025-01-14 01:27:00,1,0,0,1,0,0,26.0,2.0,1,0.0,0.0
S0044-20250101-95,U000044,2025-01-01 11:51:00,2025-01-01 11:51:00,1,0,0,1,0,0,62.0,2.0,1,0.0,0.0
S0044-20250102-30,U000044,2025-01-02 09:02:00,2025-01-02 09:02:00,1,0,1,0,0,0,80.0,1.0,1,0.0,0.0
S0044-20250102-44,U000044,2025-01-02 09:24:00,2025-01-02 09:24:00,1,0,0,1,0,0,10.0,2.0,1,0.0,0.0
S0044-20250102-75,U000044,2025-01-02 03:52:00,2025-01-02 03:52:00,1,0,0,1,0,0,21.0,2.0,1,0.0,0.0
S0044-20250105-20,U000044,2025-01-05 20:16:00,2025-01-05 20:16:00,1,0,0,1,0,0,93.0,2.0,1,0.0,0.0
S0044-20250109-91,U000044,2025-01-09 05:43:00,2025-01-09 05:43:00,1,0,0,1,0,0,29.0,2.0,1,0.0,0.0
S0044-20250110-19,U000044,2025-01-10 02:20:00,2025-01-10 02:20:00,1,0,1,0,0,0,34.0,1.0,1,0.0,0.0
S0044-20250110-22,U000044,2025-01-10 19:16:00,2025-01-10 19:16:00,1,0,0,1,0,0,28.0,2.0,1,0.0,0.0
S0044-20250114-16,U000044,2025-01-14 16:27:00,2025-01-14 16:27:00,1,0,0,1,0,0,40.0,2.0,1,0.0,0.0
S0044-20250116-86,U000044,2025-01-16 02:01:00,2025-01-16 02:01:00,1,0,0,1,0,0,48.0,2.0,1,0.0,0.0
S0044-20250118-69,U000044,2025-01-18 10:05:00,2025-01-18 10:05:00,1,0,0,0,0,1,50.0,8.0,1,0.0,1.0
S0044-20250119-18,U000044,2025-01-19 21:32:00,2025-01-19 21:32:00,1,0,1,0,0,0,45.0,1.0,1,0.0,0.0
S0045-20250105-40,U000045,2025-01-05 02:37:00,2025-01-05 02:37:00,1,0,1,0,0,0,34.0,1.0,1,0.0,0.0
S0045-20250107-94,U000045,2025-01-07 15:01:00,2025-01-07 15:01:00,1,0,0,1,0,0,31.0,2.0,1,0.0,0.0
S0045-20250108-08,U000045,2025-01-08 00:37:00,2025-01-08 00:37:00,1,0,1,0,0,0,71.0,1.0,1,0.0,0.0
S0045-20250113-84,U000045,2025-01-13 07:57:00,2025-01-13 07:57:00,1,0,1,0,0,0,43.0,1.0,1,0.0,0.0
S0045-20250114-67,U000045,2025-01-14 07:09:00,2025-01-14 07:09:00,1,1,0,0,0,0,30.0,1.5,1,0.0,0.0
S0045-20250115-55,U000045,2025-01-15 22:41:00,2025-01-15 22:41:00,1,0,1,0,0,0,46.0,1.0,1,0.0,0.0
S0046-20250103-78,U000046,2025-01-03 09:03:00,2025-01-03 09:03:00,1,0,1,0,0,0,75.0,1.0,1,0.0,0.0
S0046-20250104-13,U000046,2025-01-04 03:10:00,2025-01-04 03:10:00,1,1,0,0,0,0,24.0,1.5,1,0.0,0.0
S0046-20250105-45,U000046,2025-01-05 13:01:00,2025-01-05 13:01:00,1,0,0,0,0,1,11.0,8.0,1,0.0,1.0
S0046-20250109-20,U000046,2025-01-09 21:48:00,2025-01-09 21:48:00,1,0,0,0,0,1,18.0,8.0,1,0.0,1.0
S0046-20250110-43,U000046,2025-01-10 04:31:00,2025-01-10 04:31:00,1,0,0,1,0,0,73.0,2.0,1,0.0,0.0
S0046-20250111-50,U000046,2025-01-11 11:16:00,2025-01-11 11:16:00,1,0,0,0,0,1,36.0,8.0,1,0.0,1.0
S0046-20250114-88,U000046,2025-01-14 23:28:00,2025-01-14 23:28:00,1,0,1,0,0,0,21.0,1.0,1,0.0,0.0
S0046-20250116-30,U000046,2025-01-16 14:38:00,2025-01-16 14:38:00,1,1,0,0,0,0,50.0,1.5,1,0.0,0.0
S0046-20250117-55,U000046,2025-01-17 08:09:00,2025-01-17 08:09:00,1,0,1,0,0,0,109.0,1.0,1,0.0,0.0
S0046-20250118-49,U000046,2025-01-18 17:04:00,2025-01-18 17:04:00,1,1,0,0,0,0,46.0,1.5,1,0.0,0.0
S0047-20250102-11,U000047,2025-01-02 02:01:00,2025-01-02 02:01:00,1,0,1,0,0,0,90.0,1.0,1,0.0,0.0
S0047-20250102-16,U000047,2025-01-02 20:17:00,2025-01-02 20:17:00,1,0,1,0,0,0,36.0,1.0,1,0.0,0.0
S0047-20250110-89,U000047,2025-01-10 17:11:00,2025-01-10 17:11:00,1,0,1,0,0,0,24.0,1.0,1,0.0,0.0
S0047-20250111-11,U000047,2025-01-11 11:14:00,2025-01-11 11:14:00,1,0,0,0,1,0,68.0,4.0,1,0.0,0.0
S0047-20250111-90,U000047,2025-01-11 02:06:00,2025-01-11 02:06:00,1,0,1,0,0,0,33.0,1.0,1,0.0,0.0
S0047-20250114-38,U000047,2025-01-14 11:34:00,2025-01-14 11:34:00,1,0,0,0,1,0,55.0,4.0,1,0.0,0.0
S0047-20250115-34,U000047,2025-01-15 21:30:00,2025-01-15 21:30:00,1,1,0,0,0,0,14.0,1.5,1,0.0,0.0
S0047-20250117-92,U000047,2025-01-17 20:02:00,2025-01-17 20:02:00,1,0,1,0,0,0,47.0,1.0,1,0.0,0.0
S0047-20250118-80,U000047,2025-01-18 23:30:00,2025-01-18 23:30:00,1,0,1,0,0,0,84.0,1.0,1,0.0,0.0
S0048-20250103-71,U000048,2025-01-03 12:06:00,2025-01-03 12:06:00,1,0,0,0,1,0,42.0,4.0,1,0.0,0.0
S0048-20250103-94,U000048,2025-01-03 03:40:00,2025-01-03 03:40:00,1,0,1,0,0,0,31.0,1.0,1,0.0,0.0
S0048-20250105-39,U000048,2025-01-05 16:38:00,2025-01-05 16:38:00,1,1,0,0,0,0,51.0,1.5,1,0.0,0.0
S0048-20250107-42,U000048,2025-01-07 11:24:00,2025-01-07 11:24:00,1,0,0,0,0,1,25.0,8.0,1,0.0,1.0
S0048-20250108-49,U000048,2025-01-08 23:54:00,2025-01-08 23:54:00,1,0,1,0,0,0,95.0,1.0,1,0.0,0.0
S0048-20250108-60,U000048,2025-01-08 19:50:00,2025-01-08 19:50:00,1,0,1,0,0,0,40.0,1.0,1,0.0,0.0
S0048-20250109-60,U000048,2025-01-09 04:56:00,2025-01-09 04:56:00,1,0,0,0,0,1,65.0,8.0,1,0.0,1.0
S0048-20250114-57,U000048,2025-01-14 06:17:00,2025-01-14 06:17:00,1,1,0,0,0,0,43.0,1.5,1,0.0,0.0
S0048-20250117-75,U000048,2025-01-17 20:48:00,2025-01-17 20:48:00,1,0,0,0,0,1,73.0,8.0,1,0.0,1.0
S0048-20250119-51,U000048,2025-01-19 08:42:00,2025-01-19 08:42:00,1,0,1,0,0,0,9.0,1.0,1,0.0,0.0
S0048-20250120-17,U000048,2025-01-20 05:21:00,2025-01-20 05:21:00,1,0,0,1,0,0,87.0,2.0,1,0.0,0.0
S0049-20250101-65,U000049,2025-01-01 10:19:00,2025-01-01 10:19:00,1,0,0,1,0,0,117.0,2.0,1,0.0,0.0
S0049-20250104-08,U000049,2025-01-04 10:18:00,2025-01-04 10:18:00,1,0,1,0,0,0,88.0,1.0,1,0.0,0.0
S0049-20250105-06,U000049,2025-01-05 12:06:00,2025-01-05 12:06:00,1,0,1,0,0,0,18.0,1.0,1,0.0,0.0
S0049-20250105-61,U000049,2025-01-05 06:39:00,2025-01-05 06:39:00,1,0,1,0,0,0,53.0,1.0,1,0.0,0.0
S0049-20250107-78,U000049,2025-01-07 23:00:00,2025-01-07 23:00:00,1,0,1,0,0,0,12.0,1.0,1,0.0,0.0
S0049-20250114-40,U000049,2025-01-14 03:19:00,2025-01-14 03:19:00,1,0,1,0,0,0,12.0,1.0,1,0.0,0.0
S0049-20250116-89,U000049,2025-01-16 14:55:00,2025-01-16 14:55:00,1,0,0,1,0,0,40.0,2.0,1,0.0,0.0
S0049-20250117-80,U000049,2025-01-17 20:20:00,2025-01-17 20:20:00,1,1,0,0,0,0,45.0,1.5,1,0.0,0.0
S0049-20250120-18,U000049,2025-01-20 20:38:00,2025-01-20 20:38:00,1,1,0,0,0,0,19.0,1.5,1,0.0,0.0
S0050-20250101-18,U000050,2025-01-01 23:12:00,2025-01-01 23:12:00,1,0,1,0,0,0,92.0,1.0,1,0.0,0.0
S0050-20250101-40,U000050,2025-01-01 12:11:00,2025-01-01 12:11:00,1,0,0,1,0,0,52.0,2.0,1,0.0,0.0
S0050-20250102-86,U000050,2025-01-02 10:34:00,2025-01-02 10:34:00,1,1,0,0,0,0,48.0,1.5,1,0.0,0.0
S0050-20250103-23,U000050,2025-01-03 07:32:00,2025-01-03 07:32:00,1,0,1,0,0,0,28.0,1.0,1,0.0,0.0
S0050-20250103-24,U000050,2025-01-03 09:12:00,2025-01-03 09:12:00,1,0,1,0,0,0,35.0,1.0,1,0.0,0.0
S0050-20250104-45,U000050,2025-01-04 06:58:00,2025-01-04 06:58:00,1,0,1,0,0,0,10.0,1.0,1,0.0,0.0
S0050-20250105-88,U000050,2025-01-05 10:37:00,2025-01-05 10:37:00,1,0,1,0,0,0,42.0,1.0,1,0.0,0.0
S0050-20250110-27,U000050,2025-01-10 02:51:00,2025-01-10 02:51:00,1,0,0,0,0,1,35.0,8.0,1,0.0,1.0
S0050-20250115-29,U000050,2025-01-15 02:10:00,2025-01-15 02:10:00,1,0,0,0,1,0,24.0,4.0,1,0.0,0.0
S0050-20250116-65,U000050,2025-01-16 12:17:00,2025-01-16 12:17:00,1,0,1,0,0,0,32.0,1.0,1,0.0,0.0
S0050-20250117-05,U000050,2025-01-17 11:41:00,2025-01-17 11:41:00,1,0,0,0,1,0,46.0,4.0,1,0.0,0.0
S0050-20250117-46,U000050,2025-01-17 18:51:00,2025-01-17 18:51:00,1,0,1,0,0,0,44.0,1.0,1,0.0,0.0
S0050-20250120-20,U000050,2025-01-20 05:36:00,2025-01-20 05:36:00,1,0,1,0,0,0,50.0,1.0,1,0.0,0.0
S0050-20250120-87,U000050,2025-01-20 01:42:00,2025-01-20 01:42:00,1,0,0,0,0,1,18.0,8.0,1,0.0,1.0
S0051-20250104-37,U000051,2025-01-04 14:12:00,2025-01-04 14:12:00,1,0,0,1,0,0,80.0,2.0,1,0.0,0.0
S0051-20250104-74,U000051,2025-01-04 12:42:00,2025-01-04 12:42:00,1,1,0,0,0,0,40.0,1.5,1,0.0,0.0
S0051-20250106-22,U000051,2025-01-06 10:55:00,2025-01-06 10:55:00,1,0,1,0,0,0,94.0,1.0,1,0.0,0.0
S0051-20250109-66,U000051,2025-01-09 03:56:00,2025-01-09 03:56:00,1,0,0,0,0,1,39.0,8.0,1,0.0,1.0
S0051-20250110-89,U000051,2025-01-10 22:14:00,2025-01-10 22:14:00,1,0,1,0,0,0,33.0,1.0,1,0.0,0.0
S0051-20250112-34,U000051,2025-01-12 00:19:00,2025-01-12 00:19:00,1,0,0,0,1,0,11.0,4.0,1,0.0,0.0
S0051-20250114-19,U000051,2025-01-14 14:00:00,2025-01-14 14:00:00,1,0,1,0,0,0,94.0,1.0,1,0.0,0.0
S0051-20250118-92,U000051,2025-01-18 03:01:00,2025-01-18 03:01:00,1,0,0,1,0,0,71.0,2.0,1,0.0,0.0
S0051-20250119-10,U000051,2025-01-19 17:51:00,2025-01-19 17:51:00,1,0,0,0,0,1,21.0,8.0,1,0.0,1.0
S0051-20250120-32,U000051,2025-01-20 01:10:00,2025-01-20 01:10:00,1,0,1,0,0,0,16.0,1.0,1,0.0,0.0
S0052-20250102-33,U000052,2025-01-02 07:09:00,2025-01-02 07:09:00,1,0,1,0,0,0,46.0,1.0,1,0.0,0.0
S0052-20250102-36,U000052,2025-01-02 22:31:00,2025-01-02 22:31:00,1,1,0,0,0,0,36.0,1.5,1,0.0,0.0
S0052-20250104-40,U000052,2025-01-04 16:25:00,2025-01-04 16:25:00,1,0,0,1,0,0,54.0,2.0,1,0.0,0.0
S0052-20250105-47,U000052,2025-01-05 03:06:00,2025-01-05 03:06:00,1,0,1,0,0,0,16.0,1.0,1,0.0,0.0
S0052-20250106-46,U000052,2025-01-06 22:04:00,2025-01-06 22:04:00,1,0,0,1,0,0,35.0,2.0,1,0.0,0.0
S0052-20250111-18,U000052,2025-01-11 03:06:00,2025-01-11 03:06:00,1,0,0,1,0,0,4.0,2.0,1,0.0,0.0
S0052-20250115-08,U000052,2025-01-15 10:07:00,2025-01-15 10:07:00,1,0,0,1,0,0,66.0,2.0,1,0.0,0.0
S0052-20250116-11,U000052,2025-01-16 09:57:00,2025-01-16 09:57:00,1,0,0,0,1,0,22.0,4.0,1,0.0,0.0
S0052-20250116-51,U000052,2025-01-16 15:13:00,2025-01-16 15:13:00,1,0,1,0,0,0,27.0,1.0,1,0.0,0.0
S0052-20250118-09,U000052,2025-01-18 11:40:00,2025-01-18 11:40:00,1,0,1,0,0,0,41.0,1.0,1,0.0,0.0
S0052-20250120-11,U000052,2025-01-20 12:36:00,2025-01-20 12:36:00,1,0,0,1,0,0,17.0,2.0,1,0.0,0.0
S0053-20250101-79,U000053,2025-01-01 18:56:00,2025-01-01 18:56:00,1,0,0,1,0,0,75.0,2.0,1,0.0,0.0
S0053-20250103-17,U000053,2025-01-03 18:29:00,2025-01-03 18:29:00,1,0,0,0,1,0,34.0,4.0,1,0.0,0.0
S0053-20250103-32,U000053,2025-01-03 21:05:00,2025-01-03 21:05:00,1,0,1,0,0,0,17.0,1.0,1,0.0,0.0
S0053-20250107-88,U000053,2025-01-07 09:01:00,2025-01-07 09:01:00,1,0,1,0,0,0,41.0,1.0,1,0.0,0.0
S0053-20250108-85,U000053,2025-01-08 15:54:00,2025-01-08 15:54:00,1,0,1,0,0,0,31.0,1.0,1,0.0,0.0
S0053-20250109-09,U000053,2025-01-09 09:52:00,2025-01-09 09:52:00,1,0,0,1,0,0,5.0,2.0,1,0.0,0.0
S0053-20250109-13,U000053,2025-01-09 20:22:00,2025-01-09 20:22:00,1,0,0,0,0,1,36.0,8.0,1,0.0,1.0
S0053-20250111-77,U000053,2025-01-11 16:52:00,2025-01-11 16:52:00,1,0,1,0,0,0,39.0,1.0,1,0.0,0.0
S0053-20250112-18,U000053,2025-01-12 14:09:00,2025-01-12 14:09:00,1,0,1,0,0,0,69.0,1.0,1,0.0,0.0
S0053-20250113-73,U000053,2025-01-13 12:16:00,2025-01-13 12:16:00,1,1,0,0,0,0,91.0,1.5,1,0.0,0.0
S0053-20250115-02,U000053,2025-01-15 10:52:00,2025-01-15 10:52:00,1,0,0,0,0,1,61.0,8.0,1,0.0,1.0
S0053-20250115-07,U000053,2025-01-15 10:06:00,2025-01-15 10:06:00,1,1,0,0,0,0,33.0,1.5,1,0.0,0.0
S0053-20250116-05,U000053,2025-01-16 08:56:00,2025-01-16 08:56:00,1,0,0,0,0,1,23.0,8.0,1,0.0,1.0
S0054-20250103-51,U000054,2025-01-03 09:04:00,2025-01-03 09:04:00,1,0,0,1,0,0,20.0,2.0,1,0.0,0.0
S0054-20250105-66,U000054,2025-01-05 05:23:00,2025-01-05 05:23:00,1,0,0,0,1,0,21.0,4.0,1,0.0,0.0
S0054-20250105-83,U000054,2025-01-05 15:23:00,2025-01-05 15:23:00,1,0,1,0,0,0,24.0,1.0,1,0.0,0.0
S0054-20250107-55,U000054,2025-01-07 11:37:00,2025-01-07 11:37:00,1,0,1,0,0,0,42.0,1.0,1,0.0,0.0
S0054-20250108-61,U000054,2025-01-08 22:59:00,2025-01-08 22:59:00,1,0,0,0,0,1,20.0,8.0,1,0.0,1.0
S0054-20250108-64,U000054,2025-01-08 16:50:00,2025-01-08 16:50:00,1,0,1,0,0,0,30.0,1.0,1,0.0,0.0
S0054-20250110-74,U000054,2025-01-10 03:55:00,2025-01-10 03:55:00,1,1,0,0,0,0,55.0,1.5,1,0.0,0.0
S0054-20250110-85,U000054,2025-01-10 21:47:00,2025-01-10 21:47:00,1,0,1,0,0,0,8.0,1.0,1,0.0,0.0
S0054-20250111-62,U000054,2025-01-11 00:59:00,2025-01-11 00:59:00,1,0,1,0,0,0,58.0,1.0,1,0.0,0.0
S0054-20250111-74,U000054,2025-01-11 09:11:00,2025-01-11 09:11:00,1,0,0,0,1,0,29.0,4.0,1,0.0,0.0
S0054-20250114-68,U000054,2025-01-14 22:51:00,2025-01-14 22:51:00,1,0,1,0,0,0,25.0,1.0,1,0.0,0.0
S0054-20250114-74,U000054,2025-01-14 08:58:00,2025-01-14 08:58:00,1,0,0,0,0,1,41.0,8.0,1,0.0,1.0
S0055-20250103-29,U000055,2025-01-03 20:17:00,2025-01-03 20:17:00,1,0,1,0,0,0,78.0,1.0,1,0.0,0.0
S0055-20250104-18,U000055,2025-01-04 01:45:00,2025-01-04 01:45:00,1,0,0,1,0,0,74.0,2.0,1,0.0,0.0
S0055-20250108-76,U000055,2025-01-08 17:49:00,2025-01-08 17:49:00,1,0,0,0,0,1,36.0,8.0,1,0.0,1.0
S0055-20250109-72,U000055,2025-01-09 16:22:00,2025-01-09 16:22:00,1,0,1,0,0,0,56.0,1.0,1,0.0,0.0
S0055-20250111-21,U000055,2025-01-11 17:40:00,2025-01-11 17:40:00,1,0,1,0,0,0,50.0,1.0,1,0.0,0.0
S0055-20250111-56,U000055,2025-01-11 12:30:00,2025-01-11 12:30:00,1,0,0,0,0,1,9.0,8.0,1,0.0,1.0
S0055-20250112-19,U000055,2025-01-12 09:27:00,2025-01-12 09:27:00,1,1,0,0,0,0,24.0,1.5,1,0.0,0.0
S0055-20250117-39,U000055,2025-01-17 22:37:00,2025-01-17 22:37:00,1,0,1,0,0,0,33.0,1.0,1,0.0,0.0
S0056-20250101-52,U000056,2025-01-01 20:22:00,2025-01-01 20:22:00,1,0,0,1,0,0,24.0,2.0,1,0.0,0.0
S0056-20250102-25,U000056,2025-01-02 12:26:00,2025-01-02 12:26:00,1,0,0,1,0,0,25.0,2.0,1,0.0,0.0
S0056-20250104-53,U000056,2025-01-04 21:39:00,2025-01-04 21:39:00,1,0,0,1,0,0,16.0,2.0,1,0.0,0.0
S0056-20250106-03,U000056,2025-01-06 23:55:00,2025-01-06 23:55:00,1,1,0,0,0,0,26.0,1.5,1,0.0,0.0
S0056-20250113-41,U000056,2025-01-13 06:13:00,2025-01-13 06:13:00,1,0,1,0,0,0,37.0,1.0,1,0.0,0.0
S0056-20250120-02,U000056,2025-01-20 18:07:00,2025-01-20 18:07:00,1,0,0,0,1,0,49.0,4.0,1,0.0,0.0
S0056-20250120-47,U000056,2025-01-20 09:36:00,2025-01-20 09:36:00,1,0,1,0,0,0,14.0,1.0,1,0.0,0.0
S0056-20250120-88,U000056,2025-01-20 14:49:00,2025-01-20 14:49:00,1,0,0,1,0,0,28.0,2.0,1,0.0,0.0
S0057-20250101-49,U000057,2025-01-01 12:05:00,2025-01-01 12:05:00,1,1,0,0,0,0,83.0,1.5,1,0.0,0.0
S0057-20250102-52,U000057,2025-01-02 14:20:00,2025-01-02 14:20:00,1,0,0,1,0,0,81.0,2.0,1,0.0,0.0
S0057-20250104-90,U000057,2025-01-04 20:35:00,2025-01-04 20:35:00,1,0,1,0,0,0,29.0,1.0,1,0.0,0.0
S0057-20250106-16,U000057,2025-01-06 13:15:00,2025-01-06 13:15:00,1,0,1,0,0,0,10.0,1.0,1,0.0,0.0
S0057-20250107-41,U000057,2025-01-07 18:42:00,2025-01-07 18:42:00,1,0,0,0,1,0,25.0,4.0,1,0.0,0.0
S0057-20250108-03,U000057,2025-01-08 01:53:00,2025-01-08 01:53:00,1,0,0,1,0,0,39.0,2.0,1,0.0,0.0
S0057-20250115-22,U000057,2025-01-15 11:01:00,2025-01-15 11:01:00,1,0,0,1,0,0,58.0,2.0,1,0.0,0.0
S0057-20250115-61,U000057,2025-01-15 12:15:00,2025-01-15 12:15:00,1,0,1,0,0,0,48.0,1.0,1,0.0,0.0
S0057-20250117-38,U000057,2025-01-17 00:04:00,2025-01-17 00:04:00,1,0,0,0,0,1,40.0,8.0,1,0.0,1.0
S0057-20250118-84,U000057,2025-01-18 04:20:00,2025-01-18 04:20:00,1,0,0,1,0,0,49.0,2.0,1,0.0,0.0
S0057-20250120-51,U000057,2025-01-20 20:19:00,2025-01-20 20:19:00,1,0,1,0,0,0,33.0,1.0,1,0.0,0.0
S0057-20250120-52,U000057,2025-01-20 07:41:00,2025-01-20 07:41:00,1,0,0,1,0,0,79.0,2.0,1,0.0,0.0
S0058-20250101-15,U000058,2025-01-01 13:33:00,2025-01-01 13:33:00,1,0,0,1,0,0,28.0,2.0,1,0.0,0.0
S0058-20250101-46,U000058,2025-01-01 23:58:00,2025-01-01 23:58:00,1,0,0,1,0,0,59.0,2.0,1,0.0,0.0
S0058-20250101-89,U000058,2025-01-01 15:20:00,2025-01-01 15:20:00,1,1,0,0,0,0,36.0,1.5,1,0.0,0.0
S0058-20250104-53,U000058,2025-01-04 04:15:00,2025-01-04 04:15:00,1,0,1,0,0,0,11.0,1.0,1,0.0,0.0
S0058-20250104-78,U000058,2025-01-04 01:15:00,2025-01-04 01:15:00,1,0,0,0,0,1,24.0,8.0,1,0.0,1.0
S0058-20250104-82,U000058,2025-01-04 08:31:00,2025-01-04 08:31:00,1,0,0,0,0,1,21.0,8.0,1,0.0,1.0
S0058-20250105-14,U000058,2025-01-05 04:30:00,2025-01-05 04:30:00,1,1,0,0,0,0,8.0,1.5,1,0.0,0.0
S0058-20250107-39,U000058,2025-01-07 15:02:00,2025-01-07 15:02:00,1,0,1,0,0,0,26.0,1.0,1,0.0,0.0
S0058-20250109-08,U000058,2025-01-09 17:52:00,2025-01-09 17:52:00,1,0,1,0,0,0,33.0,1.0,1,0.0,0.0
S0058-20250110-31,U000058,2025-01-10 03:59:00,2025-01-10 03:59:00,1,0,1,0,0,0,42.0,1.0,1,0.0,0.0
S0058-20250110-85,U000058,2025-01-10 18:02:00,2025-01-10 18:02:00,1,0,1,0,0,0,70.0,1.0,1,0.0,0.0
S0058-20250111-35,U000058,2025-01-11 06:11:00,2025-01-11 06:11:00,1,0,1,0,0,0,122.0,1.0,1,0.0,0.0
S0058-20250111-91,U000058,2025-01-11 12:33:00,2025-01-11 12:33:00,1,0,1,0,0,0,47.0,1.0,1,0.0,0.0
S0058-20250118-35,U000058,2025-01-18 01:11:00,2025-01-18 01:11:00,1,0,1,0,0,0,11.0,1.0,1,0.0,0.0
S0059-20250102-82,U000059,2025-01-02 14:27:00,2025-01-02 14:27:00,1,0,1,0,0,0,80.0,1.0,1,0.0,0.0
S0059-20250104-47,U000059,2025-01-04 15:17:00,2025-01-04 15:17:00,1,0,1,0,0,0,39.0,1.0,1,0.0,0.0
S0059-20250105-85,U000059,2025-01-05 19:46:00,2025-01-05 19:46:00,1,1,0,0,0,0,103.0,1.5,1,0.0,0.0
S0059-20250111-81,U000059,2025-01-11 04:50:00,2025-01-11 04:50:00,1,0,0,1,0,0,70.0,2.0,1,0.0,0.0
S0059-20250113-21,U000059,2025-01-13 07:11:00,2025-01-13 07:11:00,1,0,1,0,0,0,27.0,1.0,1,0.0,0.0
S0059-20250113-69,U000059,2025-01-13 22:20:00,2025-01-13 22:20:00,1,0,1,0,0,0,34.0,1.0,1,0.0,0.0
S0059-20250118-04,U000059,2025-01-18 18:58:00,2025-01-18 18:58:00,1,0,1,0,0,0,8.0,1.0,1,0.0,0.0
S0060-20250107-83,U000060,2025-01-07 19:32:00,2025-01-07 19:32:00,1,0,1,0,0,0,13.0,1.0,1,0.0,0.0
S0060-20250111-63,U000060,2025-01-11 05:51:00,2025-01-11 05:51:00,1,0,0,0,0,1,23.0,8.0,1,0.0,1.0
S0060-20250113-05,U000060,2025-01-13 04:19:00,2025-01-13 04:19:00,1,0,1,0,0,0,107.0,1.0,1,0.0,0.0
S0060-20250117-04,U000060,2025-01-17 15:03:00,2025-01-17 15:03:00,1,0,0,1,0,0,6.0,2.0,1,0.0,0.0
S0060-20250117-23,U000060,2025-01-17 09:51:00,2025-01-17 09:51:00,1,0,1,0,0,0,37.0,1.0,1,0.0,0.0
S0060-20250119-20,U000060,2025-01-19 12:22:00,2025-01-19 12:22:00,1,0,0,0,1,0,53.0,4.0,1,0.0,0.0
S0060-20250119-38,U000060,2025-01-19 23:15:00,2025-01-19 23:15:00,1,0,0,1,0,0,66.0,2.0,1,0.0,0.0
S0060-20250119-43,U000060,2025-01-19 16:13:00,2025-01-19 16:13:00,1,0,0,1,0,0,42.0,2.0,1,0.0,0.0
S0061-20250101-94,U000061,2025-01-01 15:14:00,2025-01-01 15:14:00,1,0,1,0,0,0,61.0,1.0,1,0.0,0.0
S0061-20250104-03,U000061,2025-01-04 16:55:00,2025-01-04 16:55:00,1,0,0,0,0,1,2.0,8.0,1,0.0,1.0
S0061-20250104-87,U000061,2025-01-04 05:08:00,2025-01-04 05:08:00,1,0,0,0,1,0,142.0,4.0,1,0.0,0.0
S0061-20250105-01,U000061,2025-01-05 13:39:00,2025-01-05 13:39:00,1,0,1,0,0,0,51.0,1.0,1,0.0,0.0
S0061-20250105-73,U000061,2025-01-05 21:51:00,2025-01-05 21:51:00,1,0,0,0,1,0,49.0,4.0,1,0.0,0.0
S0061-20250108-96,U000061,2025-01-08 15:26:00,2025-01-08 15:26:00,1,0,0,1,0,0,31.0,2.0,1,0.0,0.0
S0061-20250110-13,U000061,2025-01-10 07:57:00,2025-01-10 07:57:00,1,0,1,0,0,0,42.0,1.0,1,0.0,0.0
S0061-20250110-63,U000061,2025-01-10 07:33:00,2025-01-10 07:33:00,1,0,1,0,0,0,26.0,1.0,1,0.0,0.0
S0061-20250110-90,U000061,2025-01-10 09:51:00,2025-01-10 09:51:00,1,0,1,0,0,0,56.0,1.0,1,0.0,0.0
S0061-20250111-23,U000061,2025-01-11 05:14:00,2025-01-11 05:14:00,1,0,1,0,0,0,23.0,1.0,1,0.0,0.0
S0061-20250111-68,U000061,2025-01-11 00:00:00,2025-01-11 00:00:00,1,0,1,0,0,0,32.0,1.0,1,0.0,0.0
S0061-20250114-66,U000061,2025-01-14 20:25:00,2025-01-14 20:25:00,1,1,0,0,0,0,27.0,1.5,1,0.0,0.0
S0061-20250118-03,U000061,2025-01-18 10:50:00,2025-01-18 10:50:00,1,0,1,0,0,0,9.0,1.0,1,0.0,0.0
S0061-20250120-68,U000061,2025-01-20 06:03:00,2025-01-20 06:03:00,1,0,0,1,0,0,12.0,2.0,1,0.0,0.0
S0062-20250102-42,U000062,2025-01-02 06:37:00,2025-01-02 06:37:00,1,0,0,1,0,0,26.0,2.0,1,0.0,0.0
S0062-20250102-66,U000062,2025-01-02 06:10:00,2025-01-02 06:10:00,1,0,0,1,0,0,27.0,2.0,1,0.0,0.0
S0062-20250103-12,U000062,2025-01-03 15:05:00,2025-01-03 15:05:00,1,0,1,0,0,0,4.0,1.0,1,0.0,0.0
S0062-20250104-47,U000062,2025-01-04 19:43:00,2025-01-04 19:43:00,1,0,0,0,0,1,22.0,8.0,1,0.0,1.0
S0062-20250104-55,U000062,2025-01-04 14:50:00,2025-01-04 14:50:00,1,0,0,0,1,0,93.0,4.0,1,0.0,0.0
S0062-20250105-16,U000062,2025-01-05 00:36:00,2025-01-05 00:36:00,1,0,0,1,0,0,67.0,2.0,1,0.0,0.0
S0062-20250105-82,U000062,2025-01-05 12:09:00,2025-01-05 12:09:00,1,0,0,1,0,0,34.0,2.0,1,0.0,0.0
S0062-20250106-96,U000062,2025-01-06 06:27:00,2025-01-06 06:27:00,1,0,1,0,0,0,85.0,1.0,1,0.0,0.0
S0062-20250108-94,U000062,2025-01-08 23:06:00,2025-01-08 23:06:00,1,0,1,0,0,0,61.0,1.0,1,0.0,0.0
S0062-20250111-32,U000062,2025-01-11 11:20:00,2025-01-11 11:20:00,1,1,0,0,0,0,28.0,1.5,1,0.0,0.0
S0062-20250111-74,U000062,2025-01-11 19:06:00,2025-01-11 19:06:00,1,1,0,0,0,0,19.0,1.5,1,0.0,0.0
S0062-20250111-89,U000062,2025-01-11 15:43:00,2025-01-11 15:43:00,1,0,0,1,0,0,59.0,2.0,1,0.0,0.0
S0062-20250113-53,U000062,2025-01-13 11:08:00,2025-01-13 11:08:00,1,0,1,0,0,0,2.0,1.0,1,0.0,0.0
S0062-20250114-41,U000062,2025-01-14 09:53:00,2025-01-14 09:53:00,1,1,0,0,0,0,73.0,1.5,1,0.0,0.0
S0062-20250115-28,U000062,2025-01-15 13:35:00,2025-01-15 13:35:00,1,0,0,1,0,0,40.0,2.0,1,0.0,0.0
S0062-20250117-37,U000062,2025-01-17 19:56:00,2025-01-17 19:56:00,1,0,0,1,0,0,17.0,2.0,1,0.0,0.0
S0062-20250118-04,U000062,2025-01-18 22:44:00,2025-01-18 22:44:00,1,0,1,0,0,0,21.0,1.0,1,0.0,0.0
S0062-20250118-17,U000062,2025-01-18 05:42:00,2025-01-18 05:42:00,1,1,0,0,0,0,32.0,1.5,1,0.0,0.0
S0062-20250119-13,U000062,2025-01-19 22:01:00,2025-01-19 22:01:00,1,1,0,0,0,0,28.0,1.5,1,0.0,0.0
S0063-20250102-84,U000063,2025-01-02 22:18:00,2025-01-02 22:18:00,1,0,1,0,0,0,80.0,1.0,1,0.0,0.0
S0063-20250103-02,U000063,2025-01-03 23:26:00,2025-01-03 23:26:00,1,0,0,1,0,0,6.0,2.0,1,0.0,0.0
S0063-20250103-03,U000063,2025-01-03 22:03:00,2025-01-03 22:03:00,1,0,0,0,0,1,44.0,8.0,1,0.0,1.0
S0063-20250103-28,U000063,2025-01-03 19:01:00,2025-01-03 19:01:00,1,0,1,0,0,0,38.0,1.0,1,0.0,0.0
S0063-20250105-03,U000063,2025-01-05 07:49:00,2025-01-05 07:49:00,1,0,0,1,0,0,54.0,2.0,1,0.0,0.0
S0063-20250108-31,U000063,2025-01-08 01:03:00,2025-01-08 01:03:00,1,0,1,0,0,0,77.0,1.0,1,0.0,0.0
S0063-20250113-90,U000063,2025-01-13 15:04:00,2025-01-13 15:04:00,1,0,0,1,0,0,37.0,2.0,1,0.0,0.0
S0063-20250115-43,U000063,2025-01-15 20:59:00,2025-01-15 20:59:00,1,0,1,0,0,0,62.0,1.0,1,0.0,0.0
S0063-20250115-68,U000063,2025-01-15 06:59:00,2025-01-15 06:59:00,1,0,0,0,0,1,47.0,8.0,1,0.0,1.0
S0063-20250116-26,U000063,2025-01-16 00:46:00,2025-01-16 00:46:00,1,0,0,0,0,1,31.0,8.0,1,0.0,1.0
S0063-20250118-85,U000063,2025-01-18 19:15:00,2025-01-18 19:15:00,1,0,0,1,0,0,3.0,2.0,1,0.0,0.0
S0064-20250104-20,U000064,2025-01-04 04:49:00,2025-01-04 04:49:00,1,1,0,0,0,0,21.0,1.5,1,0.0,0.0
S0064-20250104-93,U000064,2025-01-04 16:03:00,2025-01-04 16:03:00,1,0,1,0,0,0,59.0,1.0,1,0.0,0.0
S0064-20250107-30,U000064,2025-01-07 21:06:00,2025-01-07 21:06:00,1,0,0,0,1,0,37.0,4.0,1,0.0,0.0
S0064-20250107-46,U000064,2025-01-07 19:08:00,2025-01-07 19:08:00,1,1,0,0,0,0,98.0,1.5,1,0.0,0.0
S0064-20250108-61,U000064,2025-01-08 09:13:00,2025-01-08 09:13:00,1,0,0,1,0,0,140.0,2.0,1,0.0,0.0
S0064-20250111-62,U000064,2025-01-11 00:35:00,2025-01-11 00:35:00,1,0,1,0,0,0,26.0,1.0,1,0.0,0.0
S0064-20250112-67,U000064,2025-01-12 16:21:00,2025-01-12 16:21:00,1,0,0,0,0,1,10.0,8.0,1,0.0,1.0
S0064-20250113-64,U000064,2025-01-13 22:40:00,2025-01-13 22:40:00,1,0,1,0,0,0,95.0,1.0,1,0.0,0.0
S0065-20250101-60,U000065,2025-01-01 12:01:00,2025-01-01 12:01:00,1,0,0,1,0,0,32.0,2.0,1,0.0,0.0
S0065-20250106-10,U000065,2025-01-06 19:52:00,2025-01-06 19:52:00,1,0,0,1,0,0,56.0,2.0,1,0.0,0.0
S0065-20250109-17,U000065,2025-01-09 09:18:00,2025-01-09 09:18:00,1,0,0,1,0,0,59.0,2.0,1,0.0,0.0
S0065-20250109-38,U000065,2025-01-09 16:04:00,2025-01-09 16:04:00,1,0,1,0,0,0,42.0,1.0,1,0.0,0.0
S0065-20250109-49,U000065,2025-01-09 09:21:00,2025-01-09 09:21:00,1,0,0,0,0,1,11.0,8.0,1,0.0,1.0
S0065-20250110-87,U000065,2025-01-10 15:18:00,2025-01-10 15:18:00,1,0,0,1,0,0,32.0,2.0,1,0.0,0.0
S0065-20250111-06,U000065,2025-01-11 12:28:00,2025-01-11 12:28:00,1,0,0,1,0,0,24.0,2.0,1,0.0,0.0
S0065-20250111-44,U000065,2025-01-11 10:20:00,2025-01-11 10:20:00,1,1,0,0,0,0,89.0,1.5,1,0.0,0.0
S0065-20250112-44,U000065,2025-01-12 14:13:00,2025-01-12 14:13:00,1,0,0,1,0,0,46.0,2.0,1,0.0,0.0
S0066-20250104-34,U000066,2025-01-04 02:48:00,2025-01-04 02:48:00,1,1,0,0,0,0,44.0,1.5,1,0.0,0.0
S0066-20250105-00,U000066,2025-01-05 00:25:00,2025-01-05 00:25:00,1,0,0,0,0,1,56.0,8.0,1,0.0,1.0
S0066-20250106-40,U000066,2025-01-06 17:50:00,2025-01-06 17:50:00,1,0,0,0,1,0,72.0,4.0,1,0.0,0.0
S0066-20250108-86,U000066,2025-01-08 05:23:00,2025-01-08 05:23:00,1,1,0,0,0,0,31.0,1.5,1,0.0,0.0
S0066-20250109-52,U000066,2025-01-09 00:10:00,2025-01-09 00:10:00,1,0,0,1,0,0,24.0,2.0,1,0.0,0.0
S0066-20250110-63,U000066,2025-01-10 00:57:00,2025-01-10 00:57:00,1,0,1,0,0,0,26.0,1.0,1,0.0,0.0
S0066-20250111-10,U000066,2025-01-11 18:30:00,2025-01-11 18:30:00,1,1,0,0,0,0,29.0,1.5,1,0.0,0.0
S0066-20250114-01,U000066,2025-01-14 02:20:00,2025-01-14 02:20:00,1,0,0,0,0,1,43.0,8.0,1,0.0,1.0
S0066-20250118-37,U000066,2025-01-18 14:03:00,2025-01-18 14:03:00,1,0,1,0,0,0,33.0,1.0,1,0.0,0.0
S0066-20250120-20,U000066,2025-01-20 22:22:00,2025-01-20 22:22:00,1,0,1,0,0,0,36.0,1.0,1,0.0,0.0
S0066-20250120-23,U000066,2025-01-20 20:28:00,2025-01-20 20:28:00,1,1,0,0,0,0,42.0,1.5,1,0.0,0.0
S0067-20250102-50,U000067,2025-01-02 18:04:00,2025-01-02 18:04:00,1,0,1,0,0,0,40.0,1.0,1,0.0,0.0
S0067-20250102-70,U000067,2025-01-02 02:08:00,2025-01-02 02:08:00,1,0,0,1,0,0,91.0,2.0,1,0.0,0.0
S0067-20250104-39,U000067,2025-01-04 22:32:00,2025-01-04 22:32:00,1,0,0,1,0,0,43.0,2.0,1,0.0,0.0
S0067-20250106-77,U000067,2025-01-06 06:08:00,2025-01-06 06:08:00,1,0,1,0,0,0,15.0,1.0,1,0.0,0.0
S0067-20250109-40,U000067,2025-01-09 01:01:00,2025-01-09 01:01:00,1,0,0,0,0,1,83.0,8.0,1,0.0,1.0
S0067-20250110-87,U000067,2025-01-10 02:32:00,2025-01-10 02:32:00,1,0,0,0,0,1,28.0,8.0,1,0.0,1.0
S0067-20250112-27,U000067,2025-01-12 16:15:00,2025-01-12 16:15:00,1,0,1,0,0,0,11.0,1.0,1,0.0,0.0
S0067-20250112-49,U000067,2025-01-12 17:33:00,2025-01-12 17:33:00,1,0,0,1,0,0,70.0,2.0,1,0.0,0.0
S0067-20250115-33,U000067,2025-01-15 08:36:00,2025-01-15 08:36:00,1,0,1,0,0,0,24.0,1.0,1,0.0,0.0
S0067-20250115-57,U000067,2025-01-15 07:59:00,2025-01-15 07:59:00,1,0,0,0,1,0,17.0,4.0,1,0.0,0.0
S0067-20250116-67,U000067,2025-01-16 10:46:00,2025-01-16 10:46:00,1,0,1,0,0,0,133.0,1.0,1,0.0,0.0
S0067-20250118-93,U000067,2025-01-18 05:12:00,2025-01-18 05:12:00,1,0,1,0,0,0,57.0,1.0,1,0.0,0.0
S0067-20250120-39,U000067,2025-01-20 09:45:00,2025-01-20 09:45:00,1,0,0,1,0,0,11.0,2.0,1,0.0,0.0
S0068-20250108-72,U000068,2025-01-08 15:27:00,2025-01-08 15:27:00,1,0,1,0,0,0,45.0,1.0,1,0.0,0.0
S0068-20250109-80,U000068,2025-01-09 12:42:00,2025-01-09 12:42:00,1,0,0,1,0,0,46.0,2.0,1,0.0,0.0
S0068-20250114-60,U000068,2025-01-14 13:04:00,2025-01-14 13:04:00,1,0,0,0,0,1,37.0,8.0,1,0.0,1.0
S0068-20250114-75,U000068,2025-01-14 20:09:00,2025-01-14 20:09:00,1,0,0,1,0,0,21.0,2.0,1,0.0,0.0
S0068-20250114-96,U000068,2025-01-14 22:11:00,2025-01-14 22:11:00,1,0,0,1,0,0,15.0,2.0,1,0.0,0.0
S0068-20250116-04,U000068,2025-01-16 12:13:00,2025-01-16 12:13:00,1,0,0,0,0,1,38.0,8.0,1,0.0,1.0
S0068-20250119-69,U000068,2025-01-19 09:59:00,2025-01-19 09:59:00,1,0,0,1,0,0,40.0,2.0,1,0.0,0.0
S0069-20250102-45,U000069,2025-01-02 12:24:00,2025-01-02 12:24:00,1,0,1,0,0,0,45.0,1.0,1,0.0,0.0
S0069-20250105-33,U000069,2025-01-05 05:39:00,2025-01-05 05:39:00,1,0,0,0,0,1,10.0,8.0,1,0.0,1.0
S0069-20250105-52,U000069,2025-01-05 01:28:00,2025-01-05 01:28:00,1,0,0,1,0,0,46.0,2.0,1,0.0,0.0
S0069-20250106-33,U000069,2025-01-06 09:48:00,2025-01-06 09:48:00,1,1,0,0,0,0,12.0,1.5,1,0.0,0.0
S0069-20250107-43,U000069,2025-01-07 14:56:00,2025-01-07 14:56:00,1,0,1,0,0,0,32.0,1.0,1,0.0,0.0
S0069-20250107-48,U000069,2025-01-07 20:43:00,2025-01-07 20:43:00,1,0,1,0,0,0,26.0,1.0,1,0.0,0.0
S0069-20250111-10,U000069,2025-01-11 00:52:00,2025-01-11 00:52:00,1,0,1,0,0,0,32.0,1.0,1,0.0,0.0
S0069-20250113-60,U000069,2025-01-13 12:06:00,2025-01-13 12:06:00,1,0,1,0,0,0,24.0,1.0,1,0.0,0.0
S0069-20250114-28,U000069,2025-01-14 09:33:00,2025-01-14 09:33:00,1,0,0,1,0,0,170.0,2.0,1,0.0,0.0
S0069-20250115-07,U000069,2025-01-15 12:30:00,2025-01-15 12:30:00,1,0,1,0,0,0,58.0,1.0,1,0.0,0.0
S0069-20250117-15,U000069,2025-01-17 07:45:00,2025-01-17 07:45:00,1,0,0,1,0,0,61.0,2.0,1,0.0,0.0
S0069-20250119-00,U000069,2025-01-19 18:01:00,2025-01-19 18:01:00,1,0,0,1,0,0,23.0,2.0,1,0.0,0.0
S0069-20250119-70,U000069,2025-01-19 19:36:00,2025-01-19 19:36:00,1,1,0,0,0,0,61.0,1.5,1,0.0,0.0
S0069-20250119-77,U000069,2025-01-19 14:13:00,2025-01-19 14:13:00,1,0,0,0,1,0,13.0,4.0,1,0.0,0.0
S0070-20250101-89,U000070,2025-01-01 04:23:00,2025-01-01 04:23:00,1,0,1,0,0,0,57.0,1.0,1,0.0,0.0
S0070-20250103-16,U000070,2025-01-03 07:47:00,2025-01-03 07:47:00,1,0,0,1,0,0,17.0,2.0,1,0.0,0.0
S0070-20250104-29,U000070,2025-01-04 01:15:00,2025-01-04 01:15:00,1,0,0,1,0,0,35.0,2.0,1,0.0,0.0
S0070-20250106-76,U000070,2025-01-06 11:55:00,2025-01-06 11:55:00,1,0,1,0,0,0,20.0,1.0,1,0.0,0.0
S0070-20250106-80,U000070,2025-01-06 10:31:00,2025-01-06 10:31:00,1,0,0,1,0,0,21.0,2.0,1,0.0,0.0
S0070-20250109-64,U000070,2025-01-09 22:48:00,2025-01-09 22:48:00,1,0,1,0,0,0,62.0,1.0,1,0.0,0.0
S0070-20250109-78,U000070,2025-01-09 13:18:00,2025-01-09 13:18:00,1,0,0,0,0,1,38.0,8.0,1,0.0,1.0
S0070-20250114-08,U000070,2025-01-14 02:35:00,2025-01-14 02:35:00,1,0,0,1,0,0,59.0,2.0,1,0.0,0.0
S0070-20250114-54,U000070,2025-01-14 02:33:00,2025-01-14 02:33:00,1,1,0,0,0,0,15.0,1.5,1,0.0,0.0
S0070-20250115-42,U000070,2025-01-15 17:12:00,2025-01-15 17:12:00,1,0,1,0,0,0,35.0,1.0,1,0.0,0.0
S0070-20250119-73,U000070,2025-01-19 05:05:00,2025-01-19 05:05:00,1,0,0,1,0,0,84.0,2.0,1,0.0,0.0
S0070-20250120-45,U000070,2025-01-20 10:08:00,2025-01-20 10:08:00,1,0,0,1,0,0,73.0,2.0,1,0.0,0.0
S0071-20250105-53,U000071,2025-01-05 11:29:00,2025-01-05 11:29:00,1,0,0,1,0,0,42.0,2.0,1,0.0,0.0
S0071-20250106-45,U000071,2025-01-06 15:26:00,2025-01-06 15:26:00,1,0,0,0,0,1,74.0,8.0,1,0.0,1.0
S0071-20250108-80,U000071,2025-01-08 17:57:00,2025-01-08 17:57:00,1,0,1,0,0,0,29.0,1.0,1,0.0,0.0
S0071-20250112-42,U000071,2025-01-12 14:41:00,2025-01-12 14:41:00,1,0,1,0,0,0,11.0,1.0,1,0.0,0.0
S0071-20250119-85,U000071,2025-01-19 03:40:00,2025-01-19 03:40:00,1,0,0,1,0,0,50.0,2.0,1,0.0,0.0
S0071-20250120-54,U000071,2025-01-20 18:03:00,2025-01-20 18:03:00,1,0,1,0,0,0,14.0,1.0,1,0.0,0.0
S0072-20250101-94,U000072,2025-01-01 18:09:00,2025-01-01 18:09:00,1,0,0,0,0,1,11.0,8.0,1,0.0,1.0
S0072-20250103-83,U000072,2025-01-03 23:56:00,2025-01-03 23:56:00,1,0,1,0,0,0,39.0,1.0,1,0.0,0.0
S0072-20250104-49,U000072,2025-01-04 23:30:00,2025-01-04 23:30:00,1,0,1,0,0,0,40.0,1.0,1,0.0,0.0
S0072-20250108-08,U000072,2025-01-08 06:40:00,2025-01-08 06:40:00,1,0,0,1,0,0,122.0,2.0,1,0.0,0.0
S0072-20250111-32,U000072,2025-01-11 18:19:00,2025-01-11 18:19:00,1,0,1,0,0,0,137.0,1.0,1,0.0,0.0
S0072-20250119-90,U000072,2025-01-19 11:50:00,2025-01-19 11:50:00,1,0,1,0,0,0,3.0,1.0,1,0.0,0.0
S0073-20250101-69,U000073,2025-01-01 05:59:00,2025-01-01 05:59:00,1,1,0,0,0,0,17.0,1.5,1,0.0,0.0
S0073-20250102-86,U000073,2025-01-02 17:28:00,2025-01-02 17:28:00,1,0,1,0,0,0,17.0,1.0,1,0.0,0.0
S0073-20250112-15,U000073,2025-01-12 18:33:00,2025-01-12 18:33:00,1,0,0,0,1,0,12.0,4.0,1,0.0,0.0
S0073-20250116-09,U000073,2025-01-16 10:19:00,2025-01-16 10:19:00,1,0,0,0,0,1,72.0,8.0,1,0.0,1.0
S0073-20250116-54,U000073,2025-01-16 01:19:00,2025-01-16 01:19:00,1,0,1,0,0,0,23.0,1.0,1,0.0,0.0
S0073-20250119-57,U000073,2025-01-19 07:17:00,2025-01-19 07:17:00,1,0,1,0,0,0,43.0,1.0,1,0.0,0.0
S0073-20250119-95,U000073,2025-01-19 21:39:00,2025-01-19 21:39:00,1,0,0,1,0,0,123.0,2.0,1,0.0,0.0
S0074-20250104-67,U000074,2025-01-04 19:13:00,2025-01-04 19:13:00,1,0,1,0,0,0,25.0,1.0,1,0.0,0.0
S0074-20250105-79,U000074,2025-01-05 10:54:00,2025-01-05 10:54:00,1,0,0,1,0,0,35.0,2.0,1,0.0,0.0
S0074-20250106-71,U000074,2025-01-06 10:36:00,2025-01-06 10:36:00,1,1,0,0,0,0,27.0,1.5,1,0.0,0.0
S0074-20250106-74,U000074,2025-01-06 21:46:00,2025-01-06 21:46:00,1,1,0,0,0,0,9.0,1.5,1,0.0,0.0
S0074-20250107-80,U000074,2025-01-07 09:30:00,2025-01-07 09:30:00,1,0,1,0,0,0,65.0,1.0,1,0.0,0.0
S0074-20250114-72,U000074,2025-01-14 19:40:00,2025-01-14 19:40:00,1,0,1,0,0,0,16.0,1.0,1,0.0,0.0
S0074-20250115-06,U000074,2025-01-15 20:00:00,2025-01-15 20:00:00,1,0,0,0,0,1,43.0,8.0,1,0.0,1.0
S0074-20250117-61,U000074,2025-01-17 20:29:00,2025-01-17 20:29:00,1,0,1,0,0,0,31.0,1.0,1,0.0,0.0
S0075-20250101-94,U000075,2025-01-01 16:45:00,2025-01-01 16:45:00,1,0,1,0,0,0,23.0,1.0,1,0.0,0.0
S0075-20250102-55,U000075,2025-01-02 18:24:00,2025-01-02 18:24:00,1,0,1,0,0,0,76.0,1.0,1,0.0,0.0
S0075-20250103-59,U000075,2025-01-03 19:39:00,2025-01-03 19:39:00,1,0,1,0,0,0,10.0,1.0,1,0.0,0.0
S0075-20250103-70,U000075,2025-01-03 06:59:00,2025-01-03 06:59:00,1,0,0,1,0,0,56.0,2.0,1,0.0,0.0
S0075-20250107-03,U000075,2025-01-07 08:57:00,2025-01-07 08:57:00,1,0,1,0,0,0,20.0,1.0,1,0.0,0.0
S0075-20250109-53,U000075,2025-01-09 22:50:00,2025-01-09 22:50:00,1,0,0,1,0,0,101.0,2.0,1,0.0,0.0
S0075-20250114-02,U000075,2025-01-14 14:20:00,2025-01-14 14:20:00,1,0,1,0,0,0,48.0,1.0,1,0.0,0.0
S0075-20250115-29,U000075,2025-01-15 02:50:00,2025-01-15 05:47:00,2,1,0,1,0,0,75.5,2.0,2,10620.0,0.0
S0075-20250117-75,U000075,2025-01-17 04:06:00,2025-01-17 04:06:00,1,0,1,0,0,0,8.0,1.0,1,0.0,0.0
S0075-20250118-05,U000075,2025-01-18 21:47:00,2025-01-18 21:47:00,1,0,1,0,0,0,19.0,1.0,1,0.0,0.0
S0075-20250118-90,U000075,2025-01-18 11:00:00,2025-01-18 11:00:00,1,0,1,0,0,0,26.0,1.0,1,0.0,0.0
S0075-20250119-57,U000075,2025-01-19 00:26:00,2025-01-19 00:26:00,1,0,1,0,0,0,24.0,1.0,1,0.0,0.0
S0075-20250120-14,U000075,2025-01-20 12:24:00,2025-01-20 12:24:00,1,0,1,0,0,0,47.0,1.0,1,0.0,0.0
S0075-20250120-44,U000075,2025-01-20 01:30:00,2025-01-20 01:30:00,1,0,1,0,0,0,85.0,1.0,1,0.0,0.0
S0075-20250120-58,U000075,2025-01-20 22:58:00,2025-01-20 22:58:00,1,0,0,0,1,0,14.0,4.0,1,0.0,0.0
S0076-20250102-59,U000076,2025-01-02 00:00:00,2025-01-02 00:00:00,1,0,0,1,0,0,104.0,2.0,1,0.0,0.0
S0076-20250105-36,U000076,2025-01-05 01:37:00,2025-01-05 01:37:00,1,0,1,0,0,0,105.0,1.0,1,0.0,0.0
S0076-20250105-39,U000076,2025-01-05 11:23:00,2025-01-05 11:23:00,1,0,1,0,0,0,29.0,1.0,1,0.0,0.0
S0076-20250105-51,U000076,2025-01-05 02:42:00,2025-01-05 02:42:00,1,0,1,0,0,0,81.0,1.0,1,0.0,0.0
S0076-20250106-04,U000076,2025-01-06 21:09:00,2025-01-06 21:09:00,1,1,0,0,0,0,24.0,1.5,1,0.0,0.0
S0076-20250108-64,U000076,2025-01-08 17:00:00,2025-01-08 17:00:00,1,0,0,1,0,0,24.0,2.0,1,0.0,0.0
S0076-20250108-79,U000076,2025-01-08 18:24:00,2025-01-08 18:24:00,1,0,1,0,0,0,39.0,1.0,1,0.0,0.0
S0077-20250101-71,U000077,2025-01-01 13:40:00,2025-01-01 13:40:00,1,0,0,0,0,1,24.0,8.0,1,0.0,1.0
S0077-20250105-96,U000077,2025-01-05 19:57:00,2025-01-05 19:57:00,1,0,0,1,0,0,60.0,2.0,1,0.0,0.0
S0077-20250106-30,U000077,2025-01-06 01:00:00,2025-01-06 01:00:00,1,1,0,0,0,0,15.0,1.5,1,0.0,0.0
S0077-20250113-25,U000077,2025-01-13 23:28:00,2025-01-13 23:28:00,1,0,0,0,0,1,28.0,8.0,1,0.0,1.0
S0077-20250113-95,U000077,2025-01-13 04:42:00,2025-01-13 04:42:00,1,0,1,0,0,0,45.0,1.0,1,0.0,0.0
S0077-20250115-22,U000077,2025-01-15 17:10:00,2025-01-15 17:10:00,1,0,1,0,0,0,48.0,1.0,1,0.0,0.0
S0077-20250115-86,U000077,2025-01-15 13:53:00,2025-01-15 13:53:00,1,0,1,0,0,0,38.0,1.0,1,0.0,0.0
S0077-20250116-63,U000077,2025-01-16 02:16:00,2025-01-16 02:16:00,1,0,1,0,0,0,24.0,1.0,1,0.0,0.0
S0077-20250116-67,U000077,2025-01-16 11:06:00,2025-01-16 11:06:00,1,0,1,0,0,0,37.0,1.0,1,0.0,0.0
S0077-20250117-69,U000077,2025-01-17 18:11:00,2025-01-17 18:11:00,1,1,0,0,0,0,20.0,1.5,1,0.0,0.0
S0077-20250118-57,U000077,2025-01-18 03:29:00,2025-01-18 03:29:00,1,1,0,0,0,0,37.0,1.5,1,0.0,0.0
S0078-20250102-91,U000078,2025-01-02 04:55:00,2025-01-02 04:55:00,1,0,1,0,0,0,56.0,1.0,1,0.0,0.0
S0078-20250105-37,U000078,2025-01-05 21:49:00,2025-01-05 21:49:00,1,0,0,1,0,0,92.0,2.0,1,0.0,0.0
S0078-20250106-74,U000078,2025-01-06 10:02:00,2025-01-06 10:02:00,1,0,1,0,0,0,31.0,1.0,1,0.0,0.0
S0078-20250107-93,U000078,2025-01-07 22:26:00,2025-01-07 22:26:00,1,0,1,0,0,0,11.0,1.0,1,0.0,0.0
S0078-20250110-15,U000078,2025-01-10 12:40:00,2025-01-10 12:40:00,1,0,0,0,0,1,60.0,8.0,1,0.0,1.0
S0078-20250112-19,U000078,2025-01-12 06:20:00,2025-01-12 06:20:00,1,0,0,1,0,0,50.0,2.0,1,0.0,0.0
S0078-20250114-25,U000078,2025-01-14 15:34:00,2025-01-14 15:34:00,1,0,0,1,0,0,85.0,2.0,1,0.0,0.0
S0078-20250118-45,U000078,2025-01-18 23:59:00,2025-01-18 23:59:00,1,1,0,0,0,0,66.0,1.5,1,0.0,0.0
S0078-20250120-00,U000078,2025-01-20 15:13:00,2025-01-20 15:13:00,1,1,0,0,0,0,28.0,1.5,1,0.0,0.0
S0079-20250101-37,U000079,2025-01-01 02:55:00,2025-01-01 02:55:00,1,0,1,0,0,0,36.0,1.0,1,0.0,0.0
S0079-20250104-93,U000079,2025-01-04 06:43:00,2025-01-04 06:43:00,1,0,1,0,0,0,14.0,1.0,1,0.0,0.0
S0079-20250105-05,U000079,2025-01-05 06:40:00,2025-01-05 06:40:00,1,0,1,0,0,0,6.0,1.0,1,0.0,0.0
S0079-20250108-56,U000079,2025-01-08 00:40:00,2025-01-08 00:40:00,1,0,1,0,0,0,58.0,1.0,1,0.0,0.0
S0079-20250109-05,U000079,2025-01-09 12:36:00,2025-01-09 12:36:00,1,0,1,0,0,0,21.0,1.0,1,0.0,0.0
S0079-20250113-36,U000079,2025-01-13 02:29:00,2025-01-13 02:29:00,1,0,0,0,1,0,25.0,4.0,1,0.0,0.0
S0079-20250113-38,U000079,2025-01-13 17:04:00,2025-01-13 17:04:00,1,0,1,0,0,0,20.0,1.0,1,0.0,0.0
S0079-20250113-59,U000079,2025-01-13 06:01:00,2025-01-13 06:01:00,1,0,0,1,0,0,11.0,2.0,1,0.0,0.0
S0079-20250114-41,U000079,2025-01-14 08:18:00,2025-01-14 08:18:00,1,0,1,0,0,0,18.0,1.0,1,0.0,0.0
S0079-20250114-61,U000079,2025-01-14 10:16:00,2025-01-14 10:16:00,1,0,1,0,0,0,43.0,1.0,1,0.0,0.0
S0079-20250118-86,U000079,2025-01-18 19:31:00,2025-01-18 19:31:00,1,0,1,0,0,0,2.0,1.0,1,0.0,0.0
S0079-20250119-54,U000079,2025-01-19 11:27:00,2025-01-19 11:27:00,1,0,1,0,0,0,24.0,1.0,1,0.0,0.0
S0079-20250120-77,U000079,2025-01-20 15:03:00,2025-01-20 15:03:00,1,0,1,0,0,0,74.0,1.0,1,0.0,0.0
S0080-20250101-78,U000080,2025-01-01 15:56:00,2025-01-01 15:56:00,1,0,0,0,1,0,43.0,4.0,1,0.0,0.0
S0080-20250104-19,U000080,2025-01-04 12:04:00,2025-01-04 12:04:00,1,0,0,1,0,0,44.0,2.0,1,0.0,0.0
S0080-20250107-54,U000080,2025-01-07 16:32:00,2025-01-07 16:32:00,1,0,1,0,0,0,49.0,1.0,1,0.0,0.0
S0080-20250112-32,U000080,2025-01-12 05:09:00,2025-01-12 05:09:00,1,0,1,0,0,0,102.0,1.0,1,0.0,0.0
S0080-20250112-76,U000080,2025-01-12 19:00:00,2025-01-12 19:00:00,1,0,0,1,0,0,17.0,2.0,1,0.0,0.0
S0080-20250112-90,U000080,2025-01-12 09:36:00,2025-01-12 09:36:00,1,0,0,1,0,0,69.0,2.0,1,0.0,0.0
S0080-20250117-86,U000080,2025-01-17 10:05:00,2025-01-17 10:05:00,1,0,1,0,0,0,47.0,1.0,1,0.0,0.0
