product_id,product_category,competitor_price,inventory_level,demand_score,seasonality_factor,discount_percentage,historical_conversion_rate,net_price,purchase_label,daily_sales,holiday_flag,promotion_flag,margin,price_elasticity_score
P000021,Sports,40.44,678,0.7645413401576197,1.103,0.128,0.15384615384615385,33.72896,0,1,0,0,0.427,0.956
P000031,Sports,34.54,498,1.6287511673833095,1.012,0.106,0.2,35.43816,0,4,0,0,0.489,0.965
P000008,Sports,75.74,789,1.2381360493289597,1.127,0.124,0.1111111111111111,65.1306,0,2,0,0,0.393,0.985
P000016,Home,91.61,724,1.2381360493289597,1.127,0.146,0.25,81.13,0,2,0,0,0.405,1.281
P000022,Home,115.79,860,1.2623055196796582,1.149,0.174,0.125,89.39798,0,2,0,0,0.295,0.87
P000017,Fashion,38.97,774,1.8492441613867812,1.149,0.067,0.07142857142857142,37.09608,0,4,0,0,0.401,1.202
P000022,Home,111.42,861,1.3738177118698116,0.991,0.123,0.125,94.91771,0,3,0,0,0.295,0.87
P000022,Home,105.59,840,0.7645413401576197,1.103,0.12,0.125,95.2424,0,1,0,0,0.295,0.87
P000006,Grocery,19.74,578,2.193040737985338,1.127,0.072,0.07692307692307693,18.077440000000003,1,6,0,0,0.508,1.225
P000016,Home,91.61,784,1.2381360493289597,1.127,0.053,0.25,89.96499999999999,0,2,0,0,0.405,1.281
P000039,Home,129.27,247,1.6609399256319914,1.032,0.102,0.09523809523809523,93.48179999999999,0,4,0,0,0.418,0.33
P000019,Sports,69.62,485,1.4306557806757272,1.032,0.129,0.21428571428571427,61.42292,0,3,0,1,0.324,1.174
P000037,Electronics,390.53,769,0.7964261104633772,1.149,0.132,0.08823529411764706,321.19472,0,1,0,0,0.248,1.232
P000034,Home,100.44,5,1.8492441613867812,1.149,0.174,0.1111111111111111,74.33174,1,4,0,0,0.299,1.339
P000005,Electronics,307.68,77,1.8831392021586857,1.051,0.111,0.14285714285714285,265.79322,0,5,0,1,0.351,1.035
P000031,Sports,38.9,447,1.456995373537005,1.051,0.134,0.2,34.32824,0,3,0,0,0.489,0.965
P000027,Fashion,47.07,527,1.3738177118698116,0.991,0.224,0.17391304347826086,36.02968,0,3,0,1,0.365,0.648
P000027,Fashion,45.67,483,1.3738177118698116,0.991,0.201,0.17391304347826086,37.09757,0,3,0,0,0.365,0.648
P000039,Home,99.18,281,1.5290826803152393,1.103,0.092,0.09523809523809523,94.5228,0,3,0,0,0.418,0.33
P000039,Home,88.42,246,0.7645413401576197,1.103,0.075,0.09523809523809523,96.2925,0,1,0,0,0.418,0.33
P000013,Beauty,31.12,662,1.111795636132127,1.012,0.046,0.1111111111111111,27.7137,0,2,0,0,0.398,0.652
P000016,Home,86.24,809,1.4029298934533292,1.012,0.111,0.25,84.455,0,3,0,0,0.405,1.281
P000012,Grocery,12.44,714,1.111795636132127,1.012,0.137,0.07142857142857142,11.521049999999999,0,2,0,1,0.453,1.039
P000035,Fashion,55.92,228,1.111795636132127,1.012,0.276,0.23076923076923078,40.99288,1,2,0,1,0.384,0.928
P000034,Home,85.22,51,0.7014649467266646,1.012,0.055,0.1111111111111111,85.04055,0,1,0,0,0.299,1.339
P000017,Fashion,39.64,708,1.813836527313231,1.127,0.186,0.07142857142857142,32.36464,0,4,0,0,0.401,1.202
P000011,Home,153.88,459,1.4306557806757272,1.032,0.171,0.07692307692307693,129.44006,0,3,0,0,0.492,1.094
P000030,Beauty,38.92,722,1.2623055196796582,1.149,0.114,0.21212121212121213,35.12104,0,2,0,0,0.414,1.376
P000003,Grocery,19.04,462,1.9283969577138154,0.991,0.042,0.0,16.16146,0,6,0,0,0.289,1.005
P000037,Electronics,396.31,840,1.0887247780700968,0.991,0.116,0.08823529411764706,327.11536,0,2,0,0,0.248,1.232
P000013,Beauty,28.47,685,2.4235387088018503,1.103,0.111,0.1111111111111111,25.82545,0,8,0,0,0.398,0.652
P000029,Electronics,253.62,247,0.7014649467266646,1.012,0.141,0.14285714285714285,210.57526,0,1,0,0,0.347,1.512
P000002,Fashion,49.26,562,1.6287511673833095,1.012,0.196,0.17857142857142858,39.74172,1,4,0,0,0.358,0.578
P000012,Grocery,14.28,765,1.4029298934533292,1.012,0.276,0.07142857142857142,9.6654,0,3,0,0,0.453,1.039
P000032,Grocery,24.13,483,1.4029298934533292,1.012,0.049,0.0625,22.39605,0,3,0,0,0.433,0.82
P000036,Electronics,520.15,470,1.4029298934533292,1.012,0.12,0.13333333333333333,471.2664,0,3,0,0,0.36,1.05
P000037,Electronics,424.91,729,0.7014649467266646,1.012,0.021,0.08823529411764706,362.26916,0,1,0,0,0.248,1.232
P000035,Fashion,58.04,304,1.813836527313231,1.127,0.223,0.23076923076923078,43.99374,0,4,0,1,0.384,0.928
P000037,Electronics,306.71,774,1.4306557806757272,1.032,0.12,0.08823529411764706,325.6352,0,3,0,0,0.248,1.232
P000023,Grocery,17.32,682,1.6609399256319914,1.032,0.119,0.3125,14.79199,0,4,0,0,0.508,0.724
P000001,Sports,98.13,726,1.0887247780700968,0.991,0.014,0.047619047619047616,99.02398000000001,0,2,0,0,0.286,1.224
P000001,Sports,103.11,793,1.0887247780700968,0.991,0.098,0.047619047619047616,90.58786,0,2,0,0,0.286,1.224
P000001,Sports,103.76,743,1.9763106945585447,1.103,0.158,0.047619047619047616,84.56206,0,5,0,1,0.286,1.224
P000001,Sports,109.49,764,1.9763106945585447,1.103,0.11,0.047619047619047616,89.38270000000001,0,5,0,0,0.286,1.224
P000039,Home,102.3,295,1.111795636132127,1.012,0.039,0.09523809523809523,100.0401,0,2,0,0,0.418,0.33
P000019,Sports,63.64,422,1.4029298934533292,1.012,0.26,0.21428571428571427,52.184799999999996,0,3,0,1,0.324,1.174
P000018,Electronics,584.6,318,1.5623537449821168,1.127,0.391,0.10344827586206896,372.5253,0,3,0,1,0.449,1.036
P000037,Electronics,386.42,778,0.7811768724910584,1.127,0.055,0.08823529411764706,349.6878,0,1,0,0,0.248,1.232
P000036,Electronics,547.24,451,1.1337678819054893,1.032,0.29,0.13333333333333333,380.2263,0,2,0,0,0.36,1.05
P000023,Grocery,17.29,678,1.7756336340050025,0.991,0.248,0.3125,12.62608,1,5,0,1,0.508,0.724
P000024,Grocery,14.84,727,1.5949529712221933,0.991,0.193,0.05,12.37131,0,4,0,0,0.436,1.33
P000006,Grocery,18.14,554,1.0887247780700968,0.991,0.148,0.07692307692307693,16.59696,0,2,0,0,0.508,1.225
P000023,Grocery,16.59,701,1.7752100174148127,1.103,0.215,0.3125,13.18015,1,4,0,1,0.508,0.724
P000033,Home,179.15,199,0.7645413401576197,1.103,0.057,0.0,152.50196,0,1,0,0,0.305,0.967
P000006,Grocery,19.54,567,1.6287511673833095,1.012,0.072,0.07692307692307693,18.077440000000003,0,4,0,0,0.508,1.225
P000009,Electronics,733.76,564,1.8132605828587915,1.012,0.135,0.1,606.4342,0,5,0,0,0.447,1.136
P000028,Electronics,306.64,275,1.4306557806757272,1.032,0.033,0.2222222222222222,336.63204,0,3,0,0,0.466,1.257
P000011,Home,167.99,400,0.7964261104633772,1.149,0.286,0.07692307692307693,111.48395999999998,0,1,0,1,0.492,1.094
P000007,Sports,48.81,53,1.3738177118698116,0.991,0.36,0.6,31.257600000000004,1,3,0,1,0.362,1.829
P000010,Fashion,54.64,485,1.9763106945585447,1.103,0.047,0.07692307692307693,53.091629999999995,1,5,0,0,0.484,1.296
P000013,Beauty,26.0,667,1.111795636132127,1.012,0.054,0.1111111111111111,27.4813,0,2,0,0,0.398,0.652
P000027,Fashion,43.36,435,1.813836527313231,1.127,0.091,0.17391304347826086,42.20487,0,4,0,0,0.365,0.648
P000035,Fashion,53.47,207,0.7964261104633772,1.149,0.007,0.23076923076923078,56.223659999999995,0,1,0,0,0.384,0.928
P000010,Fashion,54.24,438,1.111795636132127,1.012,0.021,0.07692307692307693,54.54009,0,2,0,0,0.484,1.296
P000016,Home,93.04,746,1.6287511673833095,1.012,0.243,0.25,71.915,0,4,0,1,0.405,1.281
P000017,Fashion,40.84,696,1.2381360493289597,1.127,0.11,0.07142857142857142,35.3864,0,2,0,0,0.401,1.202
P000009,Electronics,662.69,502,1.8490957722433528,1.032,0.002,0.1,699.6778400000001,0,5,0,0,0.447,1.136
P000029,Electronics,240.97,246,1.4306557806757272,1.032,0.15,0.14285714285714285,208.36899999999997,0,3,0,0,0.347,1.512
P000013,Beauty,30.74,661,1.1337678819054893,1.032,0.12,0.1111111111111111,25.564,1,2,0,0,0.398,0.652
P000040,Beauty,49.59,322,1.8490957722433528,1.032,0.104,0.125,45.8304,1,5,0,0,0.26,1.035
P000031,Sports,41.92,465,1.1337678819054893,1.032,0.183,0.2,32.38588,0,2,0,0,0.489,0.965
P000010,Fashion,51.17,522,1.5928522209267544,1.149,0.035,0.07692307692307693,53.760149999999996,0,3,0,0,0.484,1.296
P000015,Fashion,39.76,455,1.8492441613867812,1.149,0.081,0.037037037037037035,38.11093,0,4,0,0,0.442,1.069
P000001,Sports,94.16,785,1.0887247780700968,0.991,0.273,0.047619047619047616,73.01261000000001,0,2,0,0,0.286,1.224
P000014,Sports,63.17,335,0.0,0.991,0.105,0.0,58.309250000000006,0,0,0,0,0.47,1.874
P000016,Home,96.29,770,1.7752100174148127,1.103,0.111,0.25,84.455,0,4,0,0,0.405,1.281
P000008,Sports,72.35,778,0.0,1.012,0.067,0.1111111111111111,69.36855,0,0,0,0,0.393,0.985
P000012,Grocery,12.47,782,1.111795636132127,1.012,0.041,0.07142857142857142,12.80265,0,2,0,0,0.453,1.039
P000002,Fashion,48.65,432,1.4029298934533292,1.012,0.153,0.17857142857142858,41.86721,0,3,0,0,0.358,0.578
P000018,Electronics,579.63,378,1.6287511673833095,1.012,0.126,0.10344827586206896,534.6258,0,4,0,0,0.449,1.036
P000002,Fashion,44.24,491,0.7014649467266646,1.012,0.113,0.17857142857142858,43.84441,0,1,0,0,0.358,0.578
P000027,Fashion,48.93,507,1.813836527313231,1.127,0.114,0.17391304347826086,41.13698,0,4,0,0,0.365,0.648
P000025,Sports,96.81,580,0.0,1.032,0.04,0.4444444444444444,99.27359999999999,0,0,0,0,0.276,1.053
P000022,Home,110.28,802,1.1337678819054893,1.032,0.138,0.125,93.29426000000001,0,2,0,1,0.295,0.87
P000001,Sports,82.6,779,1.1337678819054893,1.032,0.215,0.047619047619047616,78.83755000000001,0,2,0,0,0.286,1.224
P000002,Fashion,47.39,457,2.235850761264555,1.149,0.212,0.17857142857142858,38.95084,0,6,0,0,0.358,0.578
P000005,Electronics,296.69,41,1.5928522209267544,1.149,0.068,0.14285714285714285,278.64936,0,3,0,0,0.351,1.035
P000024,Grocery,16.48,691,1.1546415153901832,1.051,0.141,0.05,13.16847,0,2,0,0,0.436,1.33
P000030,Beauty,38.52,724,1.0887247780700968,0.991,0.218,0.21212121212121213,30.99848,0,2,0,0,0.414,1.376
P000009,Electronics,662.74,595,2.0607265678047173,0.991,0.243,0.1,530.71756,0,7,0,1,0.447,1.136
P000027,Fashion,47.79,511,0.7645413401576197,1.103,0.08,0.17391304347826086,42.7156,0,1,0,0,0.365,0.648
P000029,Electronics,226.85,151,1.969261070843977,1.012,0.145,0.14285714285714285,209.5947,0,6,0,0,0.347,1.512
P000006,Grocery,21.08,539,1.969261070843977,1.012,0.267,0.07692307692307693,14.27884,1,6,0,0,0.508,1.225
P000018,Electronics,562.07,352,1.5623537449821168,1.127,0.148,0.10344827586206896,521.1684,0,3,0,0,0.449,1.036
P000016,Home,96.76,774,1.4306557806757272,1.032,0.055,0.25,89.77499999999999,0,3,0,0,0.405,1.281
P000029,Electronics,271.38,232,1.4306557806757272,1.032,0.369,0.14285714285714285,154.68334,0,3,0,0,0.347,1.512
P000026,Electronics,223.86,229,2.3892783313901313,1.149,0.041,0.07692307692307693,197.09368,0,7,0,0,0.351,1.284
P000003,Grocery,17.07,420,0.7645413401576197,1.103,0.24,0.0,12.821200000000001,0,1,0,1,0.289,1.005
P000026,Electronics,205.82,210,0.0,1.032,0.167,0.07692307692307693,171.19816,0,0,0,0,0.351,1.284
P000022,Home,111.16,843,1.4306557806757272,1.032,0.074,0.125,100.22098000000001,0,3,0,0,0.295,0.87
P000028,Electronics,307.65,245,1.1337678819054893,1.032,0.159,0.2222222222222222,292.76892,1,2,0,1,0.466,1.257
P000024,Grocery,15.74,708,1.5928522209267544,1.149,0.109,0.05,13.65903,0,3,0,1,0.436,1.33
P000039,Home,103.7,209,0.7964261104633772,1.149,0.038,0.09523809523809523,100.1442,0,1,0,0,0.418,0.33
P000029,Electronics,271.19,176,0.6869088559349058,0.991,0.375,0.14285714285714285,153.21249999999998,0,1,0,1,0.347,1.512
P000037,Electronics,365.43,739,0.6869088559349058,0.991,0.082,0.08823529411764706,339.69672,0,1,0,0,0.248,1.232
P000022,Home,111.75,829,1.3738177118698116,0.991,0.154,0.125,91.56258,0,3,0,0,0.295,0.87
P000006,Grocery,20.41,556,1.6287511673833095,1.012,0.171,0.07692307692307693,16.14892,0,4,0,0,0.508,1.225
P000018,Electronics,673.41,312,1.4029298934533292,1.012,0.072,0.10344827586206896,567.6576000000001,0,3,0,0,0.449,1.036
P000018,Electronics,618.66,348,1.6287511673833095,1.012,0.146,0.10344827586206896,522.3918,0,4,0,0,0.449,1.036
P000026,Electronics,209.2,159,1.4029298934533292,1.012,0.164,0.07692307692307693,171.81472,0,3,0,0,0.351,1.284
P000037,Electronics,356.37,820,1.8132605828587915,1.012,0.066,0.08823529411764706,345.61736,1,5,0,0,0.248,1.232
P000024,Grocery,14.3,743,2.019312921820018,1.127,0.26,0.05,11.3442,0,5,0,0,0.436,1.33
P000023,Grocery,16.97,677,0.7153278903378636,1.032,0.204,0.3125,13.36484,0,1,0,0,0.508,0.724
P000001,Sports,94.19,792,1.1337678819054893,1.032,0.181,0.047619047619047616,82.25217,0,2,0,0,0.286,1.224
P000003,Grocery,18.08,378,1.4306557806757272,1.032,0.061,0.0,15.840930000000002,0,3,0,0,0.289,1.005
P000034,Home,96.74,84,1.8492441613867812,1.149,0.094,0.1111111111111111,81.53094,0,4,0,0,0.299,1.339
P000020,Beauty,74.19,674,0.6869088559349058,0.991,0.049,0.21428571428571427,66.76970999999999,0,1,0,0,0.324,0.922
P000030,Beauty,39.14,737,1.0887247780700968,0.991,0.135,0.21212121212121213,34.2886,0,2,0,0,0.414,1.376
P000037,Electronics,371.37,777,1.8132605828587915,1.012,0.121,0.08823529411764706,325.26516000000004,0,5,0,0,0.248,1.232
P000028,Electronics,351.37,317,1.111795636132127,1.012,0.121,0.2222222222222222,305.99748,0,2,0,0,0.466,1.257
P000006,Grocery,18.7,576,1.969261070843977,1.012,0.093,0.07692307692307693,17.66836,0,6,0,0,0.508,1.225
P000006,Grocery,20.1,558,2.193040737985338,1.127,0.217,0.07692307692307693,15.25284,0,6,0,1,0.508,1.225
P000040,Beauty,49.26,355,0.0,1.032,0.098,0.125,46.1373,0,0,0,0,0.26,1.035
P000006,Grocery,19.89,534,1.4306557806757272,1.032,0.144,0.07692307692307693,16.67488,0,3,0,1,0.508,1.225
P000012,Grocery,13.73,724,1.6609399256319914,1.032,0.051,0.07142857142857142,12.669149999999998,0,4,0,0,0.453,1.039
P000020,Beauty,70.07,665,1.1337678819054893,1.032,0.065,0.21428571428571427,65.64635,0,2,0,0,0.324,0.922
P000036,Electronics,531.19,403,1.2623055196796582,1.149,0.043,0.13333333333333333,512.50221,0,2,0,0,0.36,1.05
P000006,Grocery,18.79,591,1.0887247780700968,0.991,0.172,0.07692307692307693,16.129440000000002,0,2,0,0,0.508,1.225
P000016,Home,90.25,743,1.7752100174148127,1.103,0.169,0.25,78.945,0,4,0,0,0.405,1.281
P000002,Fashion,49.84,447,0.7014649467266646,1.012,0.013,0.17857142857142858,48.78741,0,1,0,0,0.358,0.578
P000027,Fashion,45.19,497,1.813836527313231,1.127,0.276,0.17391304347826086,33.61532,0,4,0,1,0.365,0.648
P000005,Electronics,297.91,79,2.1459836710135907,1.032,0.142,0.14285714285714285,256.52484,1,7,0,0,0.351,1.035
P000037,Electronics,319.42,849,1.4306557806757272,1.032,0.077,0.08823529411764706,341.54692000000006,0,3,0,0,0.248,1.232
P000011,Home,150.02,515,1.1337678819054893,1.032,0.18,0.07692307692307693,128.0348,0,2,0,0,0.492,1.094
P000015,Fashion,43.06,430,0.7284976867685025,1.051,0.033,0.037037037037037035,40.10149,0,1,0,0,0.442,1.069
P000008,Sports,76.6,703,1.5949529712221933,0.991,0.02,0.1111111111111111,72.863,0,4,0,0,0.393,0.985
P000013,Beauty,30.13,633,1.4029298934533292,1.012,0.254,0.1111111111111111,21.6713,0,3,0,1,0.398,0.652
P000016,Home,102.9,756,1.8132605828587915,1.012,0.102,0.25,85.31,0,5,0,0,0.405,1.281
P000032,Grocery,25.91,523,0.6869088559349058,0.991,0.102,0.0625,21.1479,0,1,0,0,0.433,0.82
P000016,Home,97.8,787,1.2117693544009251,1.103,0.087,0.25,86.735,1,2,0,0,0.405,1.281
P000013,Beauty,30.12,623,1.111795636132127,1.012,0.171,0.1111111111111111,24.082449999999998,0,2,0,0,0.398,0.652
P000024,Grocery,15.28,798,0.7014649467266646,1.012,0.019,0.05,15.03873,0,1,0,0,0.436,1.33
P000037,Electronics,401.91,744,2.019312921820018,1.127,0.242,0.08823529411764706,280.49032,0,5,0,0,0.248,1.232
P000013,Beauty,30.67,655,2.008179273825083,1.032,0.371,0.1111111111111111,18.27245,1,6,0,0,0.398,0.652
P000040,Beauty,52.71,315,1.4306557806757272,1.032,0.369,0.125,32.27565,0,3,0,1,0.26,1.035
P000006,Grocery,18.67,617,1.4306557806757272,1.032,0.086,0.07692307692307693,17.80472,0,3,0,0,0.508,1.225
P000016,Home,91.18,819,1.4306557806757272,1.032,0.335,0.25,63.175000000000004,0,3,0,0,0.405,1.281
P000020,Beauty,59.04,702,1.1337678819054893,1.032,0.025,0.21428571428571427,68.45474999999999,1,2,0,0,0.324,0.922
P000002,Fashion,50.62,488,2.235850761264555,1.149,0.069,0.17857142857142858,46.019330000000004,0,6,0,0,0.358,0.578
P000026,Electronics,207.41,147,2.645670271850159,1.149,0.085,0.07692307692307693,188.0508,0,9,0,0,0.351,1.284
P000002,Fashion,50.68,478,2.235850761264555,1.149,0.283,0.17857142857142858,35.44131,1,6,0,0,0.358,0.578
P000022,Home,104.07,904,0.6869088559349058,0.991,0.144,0.125,92.64488,0,1,0,1,0.295,0.87
P000037,Electronics,359.26,781,1.3738177118698116,0.991,0.128,0.08823529411764706,322.67488000000003,0,3,0,0,0.248,1.232
P000001,Sports,114.87,761,1.9763106945585447,1.103,0.164,0.047619047619047616,83.95948,0,5,0,0,0.286,1.224
P000002,Fashion,45.99,510,1.6287511673833095,1.012,0.066,0.17857142857142858,46.16762,0,4,0,0,0.358,0.578
P000015,Fashion,41.2,453,0.0,1.012,0.05,0.037037037037037035,39.396499999999996,0,0,0,0,0.442,1.069
P000004,Beauty,43.54,143,1.2381360493289597,1.127,0.072,0.2222222222222222,45.99168,0,2,0,0,0.381,1.117
P000018,Electronics,566.99,300,1.6609399256319914,1.032,0.156,0.10344827586206896,516.2748,0,4,0,0,0.449,1.036
P000011,Home,157.77,451,1.4306557806757272,1.032,0.173,0.07692307692307693,129.12777999999997,0,3,0,1,0.492,1.094
P000026,Electronics,210.72,190,1.8490957722433528,1.032,0.077,0.07692307692307693,189.69496,1,5,0,0,0.351,1.284
P000022,Home,107.64,779,2.0587316301430354,1.149,0.07,0.125,100.6539,0,5,0,0,0.295,0.87
P000010,Fashion,59.6,448,1.6915192459682393,1.051,0.112,0.07692307692307693,49.47048,0,4,0,0,0.484,1.296
P000022,Home,98.22,827,1.6915192459682393,1.051,0.098,0.125,97.62346000000001,0,4,0,0,0.295,0.87
P000026,Electronics,199.1,165,0.0,0.991,0.16,0.07692307692307693,172.6368,0,0,0,0,0.351,1.284
P000020,Beauty,62.99,692,0.7014649467266646,1.012,0.097,0.21428571428571427,63.399629999999995,1,1,0,0,0.324,0.922
P000002,Fashion,49.14,462,1.6287511673833095,1.012,0.093,0.17857142857142858,44.83301,0,4,0,0,0.358,0.578
P000003,Grocery,15.75,388,1.8132605828587915,1.012,0.219,0.0,13.17547,0,5,0,0,0.289,1.005
P000023,Grocery,16.29,677,0.7284976867685025,1.051,0.11,0.3125,14.9431,0,1,0,0,0.508,0.724
P000013,Beauty,27.79,657,0.6869088559349058,0.991,0.026,0.1111111111111111,28.2947,1,1,0,0,0.398,0.652
P000002,Fashion,52.26,468,1.3738177118698116,0.991,0.086,0.17857142857142858,45.17902,0,3,0,0,0.358,0.578
P000003,Grocery,16.21,371,0.0,0.991,0.09,0.0,15.351700000000001,0,0,0,0,0.289,1.005
P000023,Grocery,18.39,586,1.111795636132127,1.012,0.028,0.3125,16.319879999999998,1,2,0,0,0.508,0.724
P000033,Home,177.87,170,1.111795636132127,1.012,0.155,0.0,136.6534,0,2,0,0,0.305,0.967
P000010,Fashion,60.22,498,1.8132605828587915,1.012,0.168,0.07692307692307693,46.350719999999995,0,5,0,0,0.484,1.296
P000010,Fashion,56.65,503,1.969261070843977,1.012,0.049,0.07692307692307693,52.98021,0,6,0,0,0.484,1.296
P000040,Beauty,49.18,418,0.0,1.032,0.386,0.125,31.4061,0,0,0,1,0.26,1.035
P000032,Grocery,27.56,464,1.4306557806757272,1.032,0.027,0.0625,22.91415,0,3,0,0,0.433,0.82
P000032,Grocery,22.25,481,1.4306557806757272,1.032,0.121,0.0625,20.70045,0,3,0,0,0.433,0.82
P000039,Home,107.38,202,1.456995373537005,1.051,0.088,0.09523809523809523,94.9392,0,3,0,0,0.418,0.33
P000006,Grocery,18.16,535,1.6915192459682393,1.051,0.209,0.07692307692307693,15.40868,0,4,0,1,0.508,1.225
P000015,Fashion,40.77,428,1.0887247780700968,0.991,0.084,0.037037037037037035,37.98652,0,2,0,0,0.442,1.069
P000019,Sports,62.47,493,1.0887247780700968,0.991,0.074,0.21428571428571427,65.30152,0,2,0,0,0.324,1.174
P000028,Electronics,324.33,250,1.5290826803152393,1.103,0.141,0.2222222222222222,299.03508,0,3,0,0,0.466,1.257
P000029,Electronics,221.94,188,0.7014649467266646,1.012,0.311,0.14285714285714285,168.90146000000001,0,1,0,0,0.347,1.512
P000018,Electronics,605.9,339,1.6287511673833095,1.012,0.177,0.10344827586206896,503.4291,0,4,0,1,0.449,1.036
P000009,Electronics,760.09,516,0.7014649467266646,1.012,0.113,0.1,621.85796,0,1,0,0,0.447,1.136
P000018,Electronics,630.19,232,1.111795636132127,1.012,0.11,0.10344827586206896,544.413,0,2,0,0,0.449,1.036
P000036,Electronics,535.53,489,1.4029298934533292,1.012,0.228,0.13333333333333333,413.42915999999997,0,3,0,0,0.36,1.05
P000021,Sports,34.47,634,1.6287511673833095,1.012,0.118,0.15384615384615385,34.11576,0,4,0,0,0.427,0.956
P000022,Home,111.72,877,1.1337678819054893,1.032,0.047,0.125,103.14319,1,2,0,0,0.295,0.87
P000009,Electronics,721.8,513,1.8490957722433528,1.032,0.009,0.1,694.7702800000001,0,5,0,0,0.447,1.136
P000009,Electronics,673.28,524,1.8490957722433528,1.032,0.12,0.1,616.9504000000001,0,5,0,0,0.447,1.136
P000027,Fashion,48.94,478,2.008179273825083,1.032,0.191,0.17391304347826086,37.56187,0,6,0,0,0.365,0.648
P000028,Electronics,341.12,276,1.0887247780700968,0.991,0.097,0.2222222222222222,314.35236000000003,0,2,0,0,0.466,1.257
P000016,Home,93.29,734,1.3738177118698116,0.991,0.07,0.25,88.35,0,3,0,0,0.405,1.281
P000020,Beauty,69.89,650,1.5290826803152393,1.103,0.132,0.21428571428571427,60.94228,0,3,0,1,0.324,0.922
P000037,Electronics,346.99,771,0.7014649467266646,1.012,0.035,0.08823529411764706,357.0886,0,1,0,0,0.248,1.232
P000029,Electronics,274.43,237,1.111795636132127,1.012,0.133,0.14285714285714285,212.53637999999998,1,2,0,0,0.347,1.512
P000030,Beauty,37.24,769,0.0,1.127,0.044,0.21212121212121213,37.89584,0,0,0,0,0.414,1.376
P000028,Electronics,331.86,234,0.0,1.032,0.059,0.2222222222222222,327.58092000000005,0,0,0,0,0.466,1.257
P000002,Fashion,54.55,484,1.4306557806757272,1.032,0.085,0.17857142857142858,45.22845,0,3,0,0,0.358,0.578
P000037,Electronics,371.68,835,0.7964261104633772,1.149,0.038,0.08823529411764706,355.97848,1,1,0,0,0.248,1.232
P000009,Electronics,697.34,575,1.2623055196796582,1.149,0.199,0.1,561.56508,0,2,0,0,0.447,1.136
P000037,Electronics,403.62,757,1.0887247780700968,0.991,0.09,0.08823529411764706,336.7364,0,2,0,0,0.248,1.232
P000037,Electronics,362.43,761,1.2117693544009251,1.103,0.049,0.08823529411764706,351.90804,0,2,0,0,0.248,1.232
P000015,Fashion,43.19,377,1.7752100174148127,1.103,0.265,0.037037037037037035,30.480449999999998,0,4,0,0,0.442,1.069
P000009,Electronics,708.29,513,1.2117693544009251,1.103,0.303,0.1,488.65276000000006,0,2,0,1,0.447,1.136
P000022,Home,113.97,835,0.7014649467266646,1.012,0.218,0.125,84.63586000000001,0,1,0,0,0.295,0.87
P000024,Grocery,16.65,771,1.111795636132127,1.012,0.079,0.05,14.11893,0,2,0,0,0.436,1.33
P000017,Fashion,41.63,750,1.8132605828587915,1.012,0.08,0.07142857142857142,36.5792,0,5,0,0,0.401,1.202
P000024,Grocery,16.02,762,2.019312921820018,1.127,0.034,0.05,14.808779999999999,0,5,0,0,0.436,1.33
P000016,Home,108.07,712,1.6609399256319914,1.032,0.111,0.25,84.455,0,4,0,0,0.405,1.281
P000002,Fashion,49.3,551,1.4306557806757272,1.032,0.08,0.17857142857142858,45.4756,0,3,0,0,0.358,0.578
P000024,Grocery,15.15,722,1.5928522209267544,1.149,0.11,0.05,13.6437,0,3,0,0,0.436,1.33
P000020,Beauty,66.89,775,0.0,0.991,0.014,0.21428571428571427,69.22706,0,0,0,0,0.324,0.922
P000015,Fashion,41.11,411,1.0887247780700968,0.991,0.106,0.037037037037037035,37.07418,0,2,0,0,0.442,1.069
P000009,Electronics,652.64,577,0.7014649467266646,1.012,0.145,0.1,599.4234,1,1,0,0,0.447,1.136
P000038,Fashion,68.68,411,1.111795636132127,1.012,0.035,0.15384615384615385,65.18575,0,2,0,0,0.423,1.302
P000036,Electronics,543.0,522,0.7811768724910584,1.127,0.078,0.13333333333333333,493.75866,0,1,0,0,0.36,1.05
P000008,Sports,83.97,804,0.7153278903378636,1.032,0.008,0.1111111111111111,73.75519999999999,0,1,0,0,0.393,0.985
P000033,Home,181.32,161,0.0,1.032,0.261,0.0,119.51107999999999,0,0,0,1,0.305,0.967
P000030,Beauty,38.25,715,0.7153278903378636,1.032,0.135,0.21212121212121213,34.2886,0,1,0,0,0.414,1.376
P000033,Home,164.45,133,1.1337678819054893,1.032,0.07,0.0,150.3996,0,2,0,0,0.305,0.967
P000003,Grocery,18.14,409,1.3738177118698116,0.991,0.274,0.0,12.24762,0,3,0,0,0.289,1.005
P000022,Home,109.49,815,1.3738177118698116,0.991,0.033,0.125,104.65841,0,3,0,0,0.295,0.87
P000011,Home,160.2,544,1.7752100174148127,1.103,0.16,0.07692307692307693,131.15759999999997,0,4,0,0,0.492,1.094
P000040,Beauty,51.87,330,1.5290826803152393,1.103,0.145,0.125,43.73325,0,3,0,0,0.26,1.035
P000036,Electronics,483.44,487,1.111795636132127,1.012,0.013,0.13333333333333333,528.5681099999999,0,2,0,0,0.36,1.05
P000016,Home,100.78,754,1.6287511673833095,1.012,0.201,0.25,75.90499999999999,1,4,0,0,0.405,1.281
P000009,Electronics,688.35,564,2.019312921820018,1.127,0.171,0.1,581.19532,0,5,0,1,0.447,1.136
P000004,Beauty,53.17,116,1.6609399256319914,1.032,0.086,0.2222222222222222,45.29784,0,4,0,0,0.381,1.117
P000016,Home,96.7,783,0.7964261104633772,1.149,0.156,0.25,80.17999999999999,1,1,0,0,0.405,1.281
P000011,Home,173.85,416,1.6915192459682393,1.051,0.223,0.07692307692307693,121.32078,0,4,0,1,0.492,1.094
P000014,Sports,65.15,327,0.6869088559349058,0.991,0.088,0.0,59.41680000000001,0,1,0,0,0.47,1.874
P000013,Beauty,29.66,680,1.7756336340050025,0.991,0.036,0.1111111111111111,28.0042,0,5,0,0,0.398,0.652
P000021,Sports,44.13,679,0.7645413401576197,1.103,0.169,0.15384615384615385,32.14308,1,1,0,0,0.427,0.956
P000021,Sports,37.22,656,0.7645413401576197,1.103,0.032,0.15384615384615385,37.44224,0,1,0,0,0.427,0.956
P000007,Sports,55.42,10,0.7014649467266646,1.012,0.045,0.6,46.6422,1,1,0,0,0.362,1.829
P000017,Fashion,37.36,777,1.4029298934533292,1.012,0.021,0.07142857142857142,38.925039999999996,1,3,0,0,0.401,1.202
P000031,Sports,44.17,496,1.5623537449821168,1.127,0.134,0.2,34.32824,1,3,0,1,0.489,0.965
P000008,Sports,68.05,712,1.5623537449821168,1.127,0.052,0.1111111111111111,70.48379999999999,0,3,0,0,0.393,0.985
P000008,Sports,82.16,759,1.4306557806757272,1.032,0.281,0.1111111111111111,53.457649999999994,0,3,0,0,0.393,0.985
P000006,Grocery,21.37,620,1.8492441613867812,1.149,0.106,0.07692307692307693,17.41512,0,4,0,0,0.508,1.225
P000036,Electronics,487.34,469,1.5928522209267544,1.149,0.218,0.13333333333333333,418.78445999999997,0,3,0,0,0.36,1.05
P000030,Beauty,40.89,705,0.7645413401576197,1.103,0.196,0.21212121212121213,31.87056,0,1,0,1,0.414,1.376
P000030,Beauty,42.94,679,0.7645413401576197,1.103,0.092,0.21212121212121213,35.993120000000005,0,1,0,0,0.414,1.376
P000013,Beauty,30.8,620,1.6287511673833095,1.012,0.133,0.1111111111111111,25.18635,0,4,0,0,0.398,0.652
P000013,Beauty,25.33,652,1.6287511673833095,1.012,0.039,0.1111111111111111,27.91705,0,4,0,0,0.398,0.652
P000040,Beauty,50.49,292,0.0,1.012,0.165,0.125,42.710249999999995,0,0,0,0,0.26,1.035
P000030,Beauty,42.95,717,0.7811768724910584,1.127,0.113,0.21212121212121213,35.16068,0,1,0,0,0.414,1.376
P000040,Beauty,54.96,325,2.193040737985338,1.127,0.114,0.125,45.3189,0,6,0,0,0.26,1.035
P000006,Grocery,19.89,586,1.4306557806757272,1.032,0.119,0.07692307692307693,17.16188,0,3,0,0,0.508,1.225
P000012,Grocery,15.08,729,1.1337678819054893,1.032,0.089,0.07142857142857142,12.16185,0,2,0,0,0.453,1.039
P000040,Beauty,54.73,245,1.8490957722433528,1.032,0.017,0.125,50.280449999999995,1,5,0,0,0.26,1.035
P000013,Beauty,26.18,657,1.8492441613867812,1.149,0.038,0.1111111111111111,27.9461,0,4,0,0,0.398,0.652
P000014,Sports,65.88,336,0.0,0.991,0.154,0.0,55.1169,0,0,0,0,0.47,1.874
P000011,Home,157.92,450,0.6869088559349058,0.991,0.095,0.07692307692307693,141.30669999999998,0,1,0,0,0.492,1.094
P000037,Electronics,378.34,782,0.6869088559349058,0.991,0.097,0.08823529411764706,334.14612000000005,0,1,0,0,0.248,1.232
P000006,Grocery,17.98,515,1.2117693544009251,1.103,0.244,0.07692307692307693,14.726880000000001,0,2,0,1,0.508,1.225
P000038,Fashion,65.4,333,0.7014649467266646,1.012,0.035,0.15384615384615385,65.18575,0,1,0,0,0.423,1.302
P000033,Home,182.22,169,0.0,1.012,0.178,0.0,132.93384,0,0,0,0,0.305,0.967
P000018,Electronics,596.84,357,1.6609399256319914,1.032,0.212,0.10344827586206896,482.0196000000001,1,4,0,1,0.449,1.036
P000016,Home,102.96,770,1.4306557806757272,1.032,0.213,0.25,74.765,0,3,0,1,0.405,1.281
P000003,Grocery,17.32,368,2.008179273825083,1.032,0.101,0.0,15.16613,0,6,0,0,0.289,1.005
P000018,Electronics,543.19,387,2.008179273825083,1.032,0.121,0.10344827586206896,537.6843,0,6,0,0,0.449,1.036
P000031,Sports,37.35,362,1.8492441613867812,1.149,0.131,0.2,34.447160000000004,0,4,0,0,0.489,0.965
P000036,Electronics,467.77,388,1.9763106945585447,1.103,0.188,0.13333333333333333,434.85036,0,5,0,0,0.36,1.05
P000002,Fashion,50.0,508,2.1043948401799937,1.012,0.067,0.17857142857142858,46.118190000000006,0,7,0,0,0.358,0.578
P000038,Fashion,64.77,327,0.0,1.032,0.093,0.15384615384615385,61.26785,0,0,0,0,0.423,1.302
P000036,Electronics,553.06,453,1.6609399256319914,1.032,0.109,0.13333333333333333,477.15722999999997,0,4,0,0,0.36,1.05
P000017,Fashion,39.42,739,2.008179273825083,1.032,0.085,0.07142857142857142,36.3804,0,6,0,0,0.401,1.202
P000010,Fashion,59.0,462,1.1337678819054893,1.032,0.14,0.07692307692307693,47.9106,0,2,0,0,0.484,1.296
P000035,Fashion,57.67,245,0.7964261104633772,1.149,0.146,0.23076923076923078,48.35348,0,1,0,0,0.384,0.928
P000037,Electronics,334.63,851,1.0887247780700968,0.991,0.082,0.08823529411764706,339.69672,0,2,0,0,0.248,1.232
P000023,Grocery,16.79,709,1.5949529712221933,0.991,0.157,0.3125,14.15397,0,4,0,0,0.508,0.724
P000024,Grocery,16.76,746,0.7645413401576197,1.103,0.187,0.05,12.463289999999999,0,1,0,1,0.436,1.33
P000003,Grocery,17.83,392,0.7645413401576197,1.103,0.04,0.0,16.1952,0,1,0,0,0.289,1.005
P000011,Home,160.71,489,0.7014649467266646,1.012,0.093,0.07692307692307693,141.61898,0,1,0,0,0.492,1.094
P000010,Fashion,49.72,457,1.2381360493289597,1.127,0.106,0.07692307692307693,49.80474,1,2,0,0,0.484,1.296
P000013,Beauty,32.06,662,1.5623537449821168,1.127,0.061,0.1111111111111111,27.27795,0,3,0,0,0.398,0.652
P000033,Home,163.37,195,1.2381360493289597,1.127,0.204,0.0,128.72912,0,2,0,1,0.305,0.967
P000006,Grocery,20.23,610,1.5623537449821168,1.127,0.039,0.07692307692307693,18.72028,0,3,0,0,0.508,1.225
P000024,Grocery,12.99,817,1.8490957722433528,1.032,0.285,0.05,10.96095,0,5,0,1,0.436,1.33
P000006,Grocery,18.92,548,0.7153278903378636,1.032,0.144,0.07692307692307693,16.67488,0,1,0,0,0.508,1.225
P000016,Home,99.91,791,1.6609399256319914,1.032,0.018,0.25,93.28999999999999,1,4,0,0,0.405,1.281
P000036,Electronics,472.98,387,1.6609399256319914,1.032,0.021,0.13333333333333333,524.28387,0,4,0,0,0.36,1.05
P000011,Home,154.73,491,0.6869088559349058,0.991,0.028,0.07692307692307693,151.76807999999997,1,1,0,0,0.492,1.094
P000002,Fashion,52.62,525,1.7756336340050025,0.991,0.082,0.17857142857142858,45.37674,0,5,0,0,0.358,0.578
P000036,Electronics,597.73,472,1.5290826803152393,1.103,0.043,0.13333333333333333,512.50221,0,3,0,0,0.36,1.05
P000010,Fashion,62.71,419,1.111795636132127,1.012,0.044,0.07692307692307693,53.258759999999995,0,2,0,0,0.484,1.296
P000027,Fashion,57.6,506,1.111795636132127,1.012,0.073,0.17391304347826086,43.04061,0,2,0,0,0.365,0.648
P000009,Electronics,697.63,605,0.7014649467266646,1.012,0.106,0.1,626.76552,0,1,0,0,0.447,1.136
P000018,Electronics,608.23,321,1.111795636132127,1.012,0.188,0.10344827586206896,496.70040000000006,1,2,0,0,0.449,1.036
P000038,Fashion,67.55,304,0.7014649467266646,1.012,0.1,0.15384615384615385,60.795,1,1,0,0,0.423,1.302
P000036,Electronics,547.25,452,0.7811768724910584,1.127,0.136,0.13333333333333333,462.69791999999995,0,1,0,0,0.36,1.05
P000005,Electronics,296.71,54,2.4762720986579194,1.127,0.109,0.14285714285714285,266.39118,0,8,0,0,0.351,1.035
P000015,Fashion,38.2,382,1.2381360493289597,1.127,0.077,0.037037037037037035,38.27681,0,2,0,0,0.442,1.069
P000029,Electronics,244.04,247,1.8490957722433528,1.032,0.179,0.14285714285714285,201.25993999999997,0,5,0,0,0.347,1.512
P000017,Fashion,40.29,740,1.456995373537005,1.051,0.199,0.07142857142857142,31.847759999999997,0,3,0,0,0.401,1.202
P000024,Grocery,16.45,738,1.3738177118698116,0.991,0.094,0.05,13.88898,0,3,0,0,0.436,1.33
P000009,Electronics,684.02,572,2.0607265678047173,0.991,0.229,0.1,540.53268,0,7,0,1,0.447,1.136
P000020,Beauty,76.27,715,1.5290826803152393,1.103,0.237,0.21428571428571427,53.570229999999995,0,3,0,1,0.324,0.922
P000032,Grocery,24.95,497,1.4029298934533292,1.012,0.151,0.0625,19.99395,0,3,0,0,0.433,0.82
P000022,Home,118.83,816,1.4306557806757272,1.032,0.178,0.125,88.96506000000001,0,3,0,0,0.295,0.87
P000016,Home,100.37,710,1.1546415153901832,1.051,0.201,0.25,75.90499999999999,0,2,0,0,0.405,1.281
P000038,Fashion,67.5,358,1.0887247780700968,0.991,0.115,0.15384615384615385,59.781749999999995,1,2,0,0,0.423,1.302
P000031,Sports,39.57,443,0.0,0.991,0.12,0.2,34.8832,0,0,0,0,0.489,0.965
P000001,Sports,100.42,742,1.111795636132127,1.012,0.214,0.047619047619047616,78.93798000000001,0,2,0,0,0.286,1.224
P000032,Grocery,25.48,395,0.7014649467266646,1.012,0.074,0.0625,21.8073,0,1,0,0,0.433,0.82
P000017,Fashion,39.3,751,1.4029298934533292,1.012,0.103,0.07142857142857142,35.664719999999996,0,3,0,0,0.401,1.202
P000016,Home,103.39,787,1.6287511673833095,1.012,0.278,0.25,68.59,0,4,0,1,0.405,1.281
P000023,Grocery,17.68,617,1.813836527313231,1.127,0.172,0.3125,13.90212,0,4,0,0,0.508,0.724
P000036,Electronics,544.71,473,1.6609399256319914,1.032,0.135,0.13333333333333333,463.23344999999995,0,4,0,0,0.36,1.05
P000038,Fashion,59.79,366,0.0,1.032,0.048,0.15384615384615385,64.3076,0,0,0,0,0.423,1.302
P000021,Sports,38.19,667,0.7964261104633772,1.149,0.042,0.15384615384615385,37.05544,1,1,0,0,0.427,0.956
P000022,Home,103.52,812,0.7014649467266646,1.012,0.127,0.125,94.48479,0,1,0,0,0.295,0.87
P000027,Fashion,54.1,470,1.111795636132127,1.012,0.127,0.17391304347826086,40.53339,1,2,0,0,0.365,0.648
P000031,Sports,44.41,469,1.6287511673833095,1.012,0.142,0.2,34.01112,1,4,0,0,0.489,0.965
P000010,Fashion,55.64,470,1.6609399256319914,1.032,0.064,0.07692307692307693,52.14456,0,4,0,0,0.484,1.296
P000033,Home,175.55,184,1.5928522209267544,1.149,0.124,0.0,141.66672,0,3,0,0,0.305,0.967
P000022,Home,109.64,834,1.2623055196796582,1.149,0.031,0.125,104.87487,0,2,0,0,0.295,0.87
P000039,Home,113.37,251,1.456995373537005,1.051,0.204,0.09523809523809523,82.8636,0,3,0,1,0.418,0.33
P000030,Beauty,37.94,782,0.0,0.991,0.207,0.21212121212121213,31.434520000000003,0,0,0,1,0.414,1.376
P000009,Electronics,691.78,554,1.2117693544009251,1.103,0.278,0.1,506.17976,0,2,0,1,0.447,1.136
P000040,Beauty,47.81,280,0.7014649467266646,1.012,0.054,0.125,48.387899999999995,0,1,0,0,0.26,1.035
P000002,Fashion,44.49,574,0.0,1.012,0.154,0.17857142857142858,41.81778,0,0,0,0,0.358,0.578
P000040,Beauty,54.32,280,2.193040737985338,1.127,0.149,0.125,43.52865,0,6,0,0,0.26,1.035
P000018,Electronics,562.62,322,1.5623537449821168,1.127,0.344,0.10344827586206896,401.27520000000004,0,3,0,1,0.449,1.036
P000013,Beauty,31.28,700,2.008179273825083,1.032,0.134,0.1111111111111111,25.1573,0,6,0,0,0.398,0.652
P000040,Beauty,53.94,354,0.7284976867685025,1.051,0.168,0.125,42.556799999999996,0,1,0,0,0.26,1.035
P000028,Electronics,356.11,278,0.7284976867685025,1.051,0.267,0.2222222222222222,255.17195999999998,1,1,0,1,0.466,1.257
P000029,Electronics,256.0,239,0.6869088559349058,0.991,0.069,0.14285714285714285,228.22534,0,1,0,0,0.347,1.512
P000008,Sports,80.66,779,1.3738177118698116,0.991,0.065,0.1111111111111111,69.51725,0,3,0,0,0.393,0.985
P000030,Beauty,41.41,713,0.7645413401576197,1.103,0.084,0.21212121212121213,36.31024,1,1,0,0,0.414,1.376
P000036,Electronics,540.07,365,1.9763106945585447,1.103,0.196,0.13333333333333333,430.56612,1,5,0,1,0.36,1.05
P000037,Electronics,367.66,750,0.7014649467266646,1.012,0.194,0.08823529411764706,298.25224000000003,0,1,0,0,0.248,1.232
P000009,Electronics,626.16,541,1.111795636132127,1.012,0.179,0.1,575.58668,1,2,0,0,0.447,1.136
P000018,Electronics,635.47,352,1.111795636132127,1.012,0.075,0.10344827586206896,565.8225000000001,0,2,0,0,0.449,1.036
P000017,Fashion,39.16,783,1.4029298934533292,1.012,0.242,0.07142857142857142,30.13808,0,3,0,0,0.401,1.202
P000027,Fashion,43.81,473,1.813836527313231,1.127,0.165,0.17391304347826086,38.76905,0,4,0,1,0.365,0.648
P000002,Fashion,46.64,520,2.3435306174731747,1.127,0.071,0.17857142857142858,45.92047,1,7,0,0,0.358,0.578
P000010,Fashion,53.8,512,1.6609399256319914,1.032,0.243,0.07692307692307693,42.172470000000004,0,4,0,0,0.484,1.296
P000001,Sports,104.22,726,0.7153278903378636,1.032,0.025,0.047619047619047616,97.91925,1,1,0,0,0.286,1.224
P000009,Electronics,765.46,554,1.8490957722433528,1.032,0.053,0.1,663.92276,0,5,0,0,0.447,1.136
P000029,Electronics,232.58,263,1.6609399256319914,1.032,0.028,0.14285714285714285,238.27607999999998,0,4,0,0,0.347,1.512
P000018,Electronics,597.74,333,2.008179273825083,1.032,0.055,0.10344827586206896,578.0565,0,6,0,0,0.449,1.036
P000032,Grocery,23.33,450,2.1459836710135907,1.032,0.195,0.0625,18.95775,0,7,0,0,0.433,0.82
P000039,Home,91.44,249,1.0887247780700968,0.991,0.041,0.09523809523809523,99.83189999999999,0,2,0,0,0.418,0.33
P000027,Fashion,50.03,535,0.6869088559349058,0.991,0.162,0.17391304347826086,38.908339999999995,0,1,0,0,0.365,0.648
P000006,Grocery,17.15,567,1.2117693544009251,1.103,0.17,0.07692307692307693,16.1684,0,2,0,1,0.508,1.225
P000033,Home,166.57,172,0.0,1.103,0.177,0.0,133.09555999999998,0,0,0,1,0.305,0.967
P000018,Electronics,611.7,334,1.4029298934533292,1.012,0.174,0.10344827586206896,505.2642000000001,0,3,0,1,0.449,1.036
P000034,Home,82.13,87,0.7014649467266646,1.012,0.117,0.1111111111111111,79.46117,0,1,0,0,0.299,1.339
P000016,Home,101.47,815,2.019312921820018,1.127,0.116,0.25,83.98,0,5,0,0,0.405,1.281
P000016,Home,104.04,732,1.4306557806757272,1.032,0.18,0.25,77.9,1,3,0,1,0.405,1.281
P000023,Grocery,15.13,712,0.7153278903378636,1.032,0.101,0.3125,15.09421,1,1,0,0,0.508,0.724
P000039,Home,107.63,215,0.7153278903378636,1.032,0.239,0.09523809523809523,79.2201,0,1,0,1,0.418,0.33
P000011,Home,164.42,471,1.1337678819054893,1.032,0.027,0.07692307692307693,151.92422,0,2,0,0,0.492,1.094
P000033,Home,142.9,181,1.1337678819054893,1.032,0.116,0.0,142.96048,0,2,0,0,0.305,0.967
P000027,Fashion,42.3,494,1.456995373537005,1.051,0.233,0.17391304347826086,35.61181,0,3,0,1,0.365,0.648
P000012,Grocery,14.57,744,0.6869088559349058,0.991,0.131,0.07142857142857142,11.601149999999999,1,1,0,0,0.453,1.039
P000018,Electronics,564.2,372,1.3738177118698116,0.991,0.068,0.10344827586206896,570.1044,0,3,0,0,0.449,1.036
P000036,Electronics,543.15,507,1.9763106945585447,1.103,0.111,0.13333333333333333,476.08617,0,5,0,0,0.36,1.05
P000018,Electronics,562.68,372,1.2117693544009251,1.103,0.025,0.10344827586206896,596.4075,1,2,0,0,0.449,1.036
P000029,Electronics,220.54,294,1.4029298934533292,1.012,0.12,0.14285714285714285,215.7232,0,3,0,0,0.347,1.512
P000029,Electronics,256.29,253,1.111795636132127,1.012,0.174,0.14285714285714285,202.48564000000002,1,2,0,1,0.347,1.512
P000036,Electronics,545.53,459,1.813836527313231,1.127,0.074,0.13333333333333333,495.90078,0,4,0,0,0.36,1.05
P000025,Sports,91.16,622,0.7153278903378636,1.032,0.074,0.4444444444444444,95.75766,0,1,0,0,0.276,1.053
P000033,Home,148.38,147,1.5928522209267544,1.149,0.064,0.0,151.36991999999998,0,3,0,0,0.305,0.967
P000035,Fashion,48.74,290,0.7645413401576197,1.103,0.072,0.23076923076923078,52.54336,1,1,0,0,0.384,0.928
P000037,Electronics,363.85,773,1.5290826803152393,1.103,0.222,0.08823529411764706,287.89112,0,3,0,1,0.248,1.232
P000023,Grocery,15.68,637,1.813836527313231,1.127,0.287,0.3125,11.97127,1,4,0,0,0.508,0.724
P000003,Grocery,18.06,409,1.4306557806757272,1.032,0.227,0.0,13.040510000000001,0,3,0,1,0.289,1.005
P000027,Fashion,46.43,462,1.1337678819054893,1.032,0.074,0.17391304347826086,42.99418,0,2,0,0,0.365,0.648
P000015,Fashion,39.87,410,2.008179273825083,1.032,0.037,0.037037037037037035,39.93561,0,6,0,0,0.442,1.069
P000015,Fashion,41.62,464,2.008179273825083,1.032,0.122,0.037037037037037035,36.41066,0,6,0,0,0.442,1.069
P000028,Electronics,366.13,236,1.1337678819054893,1.032,0.203,0.2222222222222222,277.45164,0,2,0,0,0.466,1.257
P000026,Electronics,209.04,194,2.3892783313901313,1.149,0.039,0.07692307692307693,197.50472,0,7,0,0,0.351,1.284
P000010,Fashion,47.41,520,1.6915192459682393,1.051,0.088,0.07692307692307693,50.807520000000004,0,4,0,0,0.484,1.296
P000015,Fashion,42.41,349,1.3738177118698116,0.991,0.027,0.037037037037037035,40.35031,0,3,0,0,0.442,1.069
P000018,Electronics,650.59,343,1.3738177118698116,0.991,0.05,0.10344827586206896,581.115,0,3,0,0,0.449,1.036
P000028,Electronics,342.0,310,1.5290826803152393,1.103,0.115,0.2222222222222222,308.0862,0,3,0,0,0.466,1.257
P000007,Sports,42.96,87,0.0,1.012,0.11,0.6,43.467600000000004,0,0,0,0,0.362,1.829
P000004,Beauty,54.06,217,1.111795636132127,1.012,0.028,0.2222222222222222,48.17232,0,2,0,0,0.381,1.117
P000037,Electronics,400.07,823,1.8132605828587915,1.012,0.248,0.08823529411764706,278.27008,0,5,0,0,0.248,1.232
P000017,Fashion,41.3,736,1.4029298934533292,1.012,0.063,0.07142857142857142,37.25512,0,3,0,0,0.401,1.202
P000015,Fashion,39.45,464,1.2381360493289597,1.127,0.221,0.037037037037037035,32.30513,0,2,0,1,0.442,1.069
P000013,Beauty,29.29,685,0.7153278903378636,1.032,0.031,0.1111111111111111,28.14945,0,1,0,0,0.398,0.652
P000037,Electronics,322.1,818,1.1546415153901832,1.051,0.018,0.08823529411764706,363.37928,0,2,0,0,0.248,1.232
P000029,Electronics,238.7,205,1.6915192459682393,1.051,0.175,0.14285714285714285,202.24049999999997,0,4,0,1,0.347,1.512
P000016,Home,102.18,708,1.1546415153901832,1.051,0.287,0.25,67.73500000000001,0,2,0,0,0.405,1.281
P000028,Electronics,312.52,226,1.813836527313231,1.127,0.078,0.2222222222222222,320.96664000000004,0,4,0,0,0.466,1.257
P000005,Electronics,299.63,63,2.4762720986579194,1.127,0.189,0.14285714285714285,242.47278,1,8,0,0,0.351,1.035
P000029,Electronics,291.13,338,1.5928522209267544,1.149,0.098,0.14285714285714285,221.11628,0,3,0,0,0.347,1.512
P000039,Home,99.09,240,0.7645413401576197,1.103,0.045,0.09523809523809523,99.4155,0,1,0,0,0.418,0.33
P000028,Electronics,361.12,272,1.5290826803152393,1.103,0.083,0.2222222222222222,319.22604,0,3,0,0,0.466,1.257
P000006,Grocery,19.58,549,1.5290826803152393,1.103,0.36,0.07692307692307693,12.4672,0,3,0,1,0.508,1.225
P000032,Grocery,25.79,424,2.4762720986579194,1.127,0.134,0.0625,20.3943,0,8,0,0,0.433,0.82
P000037,Electronics,364.89,738,2.019312921820018,1.127,0.115,0.08823529411764706,327.4854,0,5,0,0,0.248,1.232
P000011,Home,151.71,432,1.8492441613867812,1.149,0.221,0.07692307692307693,121.63306,0,4,0,1,0.492,1.094
P000020,Beauty,73.67,746,0.6869088559349058,0.991,0.142,0.21428571428571427,60.240179999999995,0,1,0,0,0.324,0.922
P000030,Beauty,40.94,685,1.0887247780700968,0.991,0.106,0.21212121212121213,35.43816,1,2,0,0,0.414,1.376
P000025,Sports,113.19,656,0.6869088559349058,0.991,0.057,0.4444444444444444,97.51562999999999,1,1,0,0,0.276,1.053
P000013,Beauty,30.6,693,1.7756336340050025,0.991,0.135,0.1111111111111111,25.12825,0,5,0,0,0.398,0.652
P000037,Electronics,363.88,783,0.7014649467266646,1.012,0.253,0.08823529411764706,276.41988000000003,0,1,0,1,0.248,1.232
P000036,Electronics,539.54,459,1.111795636132127,1.012,0.058,0.13333333333333333,504.46925999999996,0,2,0,0,0.36,1.05
P000015,Fashion,38.31,465,1.2381360493289597,1.127,0.227,0.037037037037037035,32.05631,0,2,0,1,0.442,1.069
P000006,Grocery,18.71,599,0.7153278903378636,1.032,0.13,0.07692307692307693,16.9476,0,1,0,0,0.508,1.225
P000030,Beauty,41.78,705,1.1337678819054893,1.032,0.065,0.21212121212121213,37.0634,0,2,0,0,0.414,1.376
P000012,Grocery,13.49,722,1.6609399256319914,1.032,0.14,0.07142857142857142,11.481,0,4,0,0,0.453,1.039
P000022,Home,108.23,864,1.2623055196796582,1.149,0.276,0.125,78.35852,1,2,0,1,0.295,0.87
P000017,Fashion,36.23,743,1.5949529712221933,0.991,0.131,0.07142857142857142,34.55144,0,4,0,0,0.401,1.202
P000007,Sports,51.02,44,1.5290826803152393,1.103,0.099,0.6,44.00484,1,3,0,0,0.362,1.829
P000017,Fashion,42.5,723,0.7645413401576197,1.103,0.065,0.07142857142857142,37.1756,1,1,0,0,0.401,1.202
P000015,Fashion,40.19,368,0.0,1.012,0.127,0.037037037037037035,36.20331,0,0,0,0,0.442,1.069
P000040,Beauty,56.59,293,1.4029298934533292,1.012,0.136,0.125,44.193599999999996,0,3,0,0,0.26,1.035
P000040,Beauty,43.35,328,0.7811768724910584,1.127,0.132,0.125,44.398199999999996,0,1,0,0,0.26,1.035
P000038,Fashion,70.86,324,0.0,1.032,0.159,0.15384615384615385,56.809549999999994,0,0,0,0,0.423,1.302
P000003,Grocery,17.62,373,1.3738177118698116,0.991,0.059,0.0,15.874670000000002,0,3,0,0,0.289,1.005
P000010,Fashion,55.93,511,1.0887247780700968,0.991,0.094,0.07692307692307693,50.47326,0,2,0,0,0.484,1.296
P000017,Fashion,37.24,780,2.2818618271570994,0.991,0.08,0.07142857142857142,36.5792,0,9,0,0,0.401,1.202
P000021,Sports,40.12,720,1.0887247780700968,0.991,0.079,0.15384615384615385,35.62428,0,2,0,0,0.427,0.956
P000025,Sports,94.84,623,1.7752100174148127,1.103,0.157,0.4444444444444444,87.17463,0,4,0,0,0.276,1.053
P000033,Home,170.01,147,0.7014649467266646,1.012,0.198,0.0,129.69944,0,1,0,0,0.305,0.967
P000001,Sports,87.74,782,1.4029298934533292,1.012,0.252,0.047619047619047616,75.12164,0,3,0,0,0.286,1.224
P000039,Home,99.95,213,0.7014649467266646,1.012,0.155,0.09523809523809523,87.96449999999999,0,1,0,0,0.418,0.33
P000018,Electronics,615.99,367,1.4306557806757272,1.032,0.118,0.10344827586206896,539.5194,0,3,0,0,0.449,1.036
P000016,Home,87.06,703,1.4306557806757272,1.032,0.105,0.25,85.025,0,3,0,0,0.405,1.281
P000022,Home,111.97,822,1.2623055196796582,1.149,0.267,0.125,79.33259,1,2,0,1,0.295,0.87
P000035,Fashion,55.56,224,1.8492441613867812,1.149,0.142,0.23076923076923078,48.57996,0,4,0,0,0.384,0.928
P000005,Electronics,362.43,74,1.5290826803152393,1.103,0.24,0.14285714285714285,227.22480000000002,0,3,0,1,0.351,1.035
P000018,Electronics,629.38,272,1.4029298934533292,1.012,0.339,0.10344827586206896,404.3337,0,3,0,1,0.449,1.036
P000037,Electronics,398.08,770,1.8132605828587915,1.012,0.233,0.08823529411764706,283.82068000000004,0,5,0,0,0.248,1.232
P000011,Home,162.87,476,2.008179273825083,1.032,0.142,0.07692307692307693,133.96812,0,6,0,0,0.492,1.094
P000024,Grocery,14.39,747,1.8490957722433528,1.032,0.12,0.05,13.4904,0,5,0,0,0.436,1.33
P000016,Home,95.0,764,0.7153278903378636,1.032,0.124,0.25,83.22,0,1,0,0,0.405,1.281
P000036,Electronics,518.36,461,1.0887247780700968,0.991,0.255,0.13333333333333333,398.96984999999995,0,2,0,0,0.36,1.05
P000033,Home,166.17,186,0.0,1.103,0.214,0.0,127.11192,0,0,0,1,0.305,0.967
P000027,Fashion,46.75,484,1.2117693544009251,1.103,0.201,0.17391304347826086,37.09757,1,2,0,0,0.365,0.648
P000039,Home,93.3,199,1.8132605828587915,1.012,0.203,0.09523809523809523,82.9677,1,5,0,0,0.418,0.33
P000010,Fashion,54.9,507,1.969261070843977,1.012,0.027,0.07692307692307693,54.20583,0,6,0,0,0.484,1.296
P000027,Fashion,47.14,490,1.813836527313231,1.127,0.091,0.17391304347826086,42.20487,1,4,0,0,0.365,0.648
P000016,Home,102.08,743,1.6609399256319914,1.032,0.228,0.25,73.34,0,4,0,0,0.405,1.281
P000027,Fashion,44.53,505,1.8490957722433528,1.032,0.12,0.17391304347826086,40.8584,0,5,0,0,0.365,0.648
P000024,Grocery,16.47,720,1.1337678819054893,1.032,0.107,0.05,13.68969,0,2,0,0,0.436,1.33
P000013,Beauty,26.35,686,1.8492441613867812,1.149,0.1,0.1111111111111111,26.145,0,4,0,0,0.398,0.652
P000001,Sports,103.52,766,0.0,0.991,0.159,0.047619047619047616,84.46163,0,0,0,0,0.286,1.224
P000006,Grocery,17.43,550,1.3738177118698116,0.991,0.217,0.07692307692307693,15.25284,0,3,0,1,0.508,1.225
P000006,Grocery,20.96,613,1.969261070843977,1.012,0.095,0.07692307692307693,17.6294,0,6,0,0,0.508,1.225
P000032,Grocery,22.58,448,2.4762720986579194,1.127,0.069,0.0625,21.925050000000002,0,8,0,0,0.433,0.82
P000030,Beauty,39.93,702,0.7811768724910584,1.127,0.121,0.21212121212121213,34.843560000000004,0,1,0,0,0.414,1.376
P000003,Grocery,16.11,406,2.008179273825083,1.032,0.116,0.0,14.91308,0,6,0,0,0.289,1.005
P000024,Grocery,16.73,748,1.6609399256319914,1.032,0.078,0.05,14.134260000000001,0,4,0,0,0.436,1.33
P000036,Electronics,550.08,402,0.7153278903378636,1.032,0.123,0.13333333333333333,469.65981,0,1,0,0,0.36,1.05
P000032,Grocery,20.88,563,1.8492441613867812,1.149,0.213,0.0625,18.53385,0,4,0,0,0.433,0.82
P000028,Electronics,345.89,211,0.6869088559349058,0.991,0.123,0.2222222222222222,305.30124,0,1,0,0,0.466,1.257
P000021,Sports,33.91,671,1.3738177118698116,0.991,0.018,0.15384615384615385,37.98376,0,3,0,0,0.427,0.956
P000004,Beauty,47.21,163,1.5290826803152393,1.103,0.02,0.2222222222222222,48.5688,0,3,0,0,0.381,1.117
P000035,Fashion,48.51,271,1.8132605828587915,1.012,0.128,0.23076923076923078,49.37264,1,5,0,0,0.384,0.928
P000035,Fashion,63.98,260,1.111795636132127,1.012,0.109,0.23076923076923078,50.44842,0,2,0,0,0.384,0.928
P000008,Sports,71.51,799,1.111795636132127,1.012,0.132,0.1111111111111111,64.5358,0,2,0,1,0.393,0.985
P000025,Sports,106.45,524,0.7014649467266646,1.012,0.178,0.4444444444444444,85.00302,1,1,0,0,0.276,1.053
P000003,Grocery,17.15,340,2.008179273825083,1.032,0.36,0.0,10.796800000000001,0,6,0,1,0.289,1.005
P000008,Sports,68.84,744,1.1337678819054893,1.032,0.146,0.1111111111111111,63.494899999999994,1,2,0,0,0.393,0.985
P000006,Grocery,21.31,594,1.8492441613867812,1.149,0.069,0.07692307692307693,18.13588,0,4,0,0,0.508,1.225
P000003,Grocery,16.87,398,1.456995373537005,1.051,0.071,0.0,15.672230000000003,0,3,0,0,0.289,1.005
P000005,Electronics,306.27,72,1.0887247780700968,0.991,0.011,0.14285714285714285,295.69122,0,2,0,0,0.351,1.035
P000026,Electronics,182.36,189,0.7645413401576197,1.103,0.158,0.07692307692307693,173.04784,0,1,0,0,0.351,1.284
P000023,Grocery,17.27,643,1.7752100174148127,1.103,0.048,0.3125,15.984079999999999,0,4,0,0,0.508,0.724
P000023,Grocery,18.41,710,1.7752100174148127,1.103,0.278,0.3125,12.12238,0,4,0,1,0.508,0.724
P000015,Fashion,42.38,435,1.4029298934533292,1.012,0.033,0.037037037037037035,40.10149,0,3,0,0,0.442,1.069
P000038,Fashion,74.59,322,0.0,1.032,0.191,0.15384615384615385,54.647949999999994,0,0,0,1,0.423,1.302
P000017,Fashion,38.58,796,2.1459836710135907,1.032,0.193,0.07142857142857142,32.08631999999999,0,7,0,0,0.401,1.202
P000036,Electronics,535.53,468,0.7153278903378636,1.032,0.02,0.13333333333333333,524.8194,0,1,0,0,0.36,1.05
P000018,Electronics,638.59,314,1.1546415153901832,1.051,0.17,0.10344827586206896,507.711,0,2,0,0,0.449,1.036
P000012,Grocery,13.23,757,0.6869088559349058,0.991,0.042,0.07142857142857142,12.789299999999999,0,1,0,0,0.453,1.039
P000005,Electronics,275.25,125,1.0887247780700968,0.991,0.074,0.14285714285714285,276.85548000000006,0,2,0,0,0.351,1.035
P000023,Grocery,16.74,653,1.7756336340050025,0.991,0.222,0.3125,13.062619999999999,0,5,0,0,0.508,0.724
P000029,Electronics,240.97,193,1.7756336340050025,0.991,0.329,0.14285714285714285,164.48894,0,5,0,1,0.347,1.512
P000017,Fashion,42.61,759,1.7756336340050025,0.991,0.195,0.07142857142857142,32.0068,0,5,0,1,0.401,1.202
P000039,Home,101.38,307,1.5290826803152393,1.103,0.079,0.09523809523809523,95.8761,0,3,0,0,0.418,0.33
P000028,Electronics,367.33,237,1.5290826803152393,1.103,0.054,0.2222222222222222,329.32151999999996,0,3,0,0,0.466,1.257
P000024,Grocery,14.65,720,1.8132605828587915,1.012,0.117,0.05,13.53639,1,5,0,0,0.436,1.33
P000036,Electronics,570.27,369,1.1337678819054893,1.032,0.154,0.13333333333333333,453.05837999999994,0,2,0,1,0.36,1.05
P000030,Beauty,44.35,686,1.6609399256319914,1.032,0.08,0.21212121212121213,36.4688,0,4,0,0,0.414,1.376
P000012,Grocery,12.89,713,1.8490957722433528,1.032,0.056,0.07142857142857142,12.6024,0,5,0,0,0.453,1.039
P000009,Electronics,630.35,566,0.7153278903378636,1.032,0.232,0.1,538.42944,0,1,0,0,0.447,1.136
P000015,Fashion,35.47,448,0.7284976867685025,1.051,0.274,0.037037037037037035,30.107219999999998,1,1,0,1,0.442,1.069
P000037,Electronics,355.66,768,1.1546415153901832,1.051,0.068,0.08823529411764706,344.87728,0,2,0,0,0.248,1.232
P000019,Sports,70.19,447,0.7645413401576197,1.103,0.176,0.21428571428571427,58.10848,0,1,0,0,0.324,1.174
P000022,Home,97.43,890,1.2117693544009251,1.103,0.257,0.125,80.41489,0,2,0,0,0.295,0.87
P000013,Beauty,28.85,717,1.111795636132127,1.012,0.04,0.1111111111111111,27.887999999999998,0,2,0,0,0.398,0.652
P000022,Home,113.71,816,1.969261070843977,1.012,0.156,0.125,91.34612,1,6,0,1,0.295,0.87
P000035,Fashion,54.33,210,1.111795636132127,1.012,0.063,0.23076923076923078,53.05294,0,2,0,0,0.384,0.928
P000039,Home,94.12,258,1.813836527313231,1.127,0.02,0.09523809523809523,102.01799999999999,0,4,0,0,0.418,0.33
P000017,Fashion,41.27,779,0.7153278903378636,1.032,0.056,0.07142857142857142,37.53344,0,1,0,0,0.401,1.202
P000011,Home,164.81,477,1.8492441613867812,1.149,0.087,0.07692307692307693,142.55581999999998,0,4,0,0,0.492,1.094
P000031,Sports,39.62,443,1.5928522209267544,1.149,0.041,0.2,38.01476,1,3,0,0,0.489,0.965
P000030,Beauty,34.24,683,1.8831392021586857,1.051,0.154,0.21212121212121213,33.53544,0,5,0,0,0.414,1.376
P000010,Fashion,55.19,504,1.0887247780700968,0.991,0.13,0.07692307692307693,48.4677,0,2,0,0,0.484,1.296
P000033,Home,173.97,155,1.3738177118698116,0.991,0.255,0.0,120.4814,0,3,0,0,0.305,0.967
P000018,Electronics,568.02,326,1.2117693544009251,1.103,0.175,0.10344827586206896,504.65250000000003,0,2,0,0,0.449,1.036
P000022,Home,104.34,893,0.7645413401576197,1.103,0.075,0.125,100.11275,0,1,0,0,0.295,0.87
P000022,Home,100.49,792,0.7014649467266646,1.012,0.104,0.125,96.97408,0,1,0,0,0.295,0.87
P000010,Fashion,54.37,469,1.2381360493289597,1.127,0.05,0.07692307692307693,52.9245,0,2,0,0,0.484,1.296
P000017,Fashion,36.87,700,1.4306557806757272,1.032,0.07,0.07142857142857142,36.9768,0,3,0,0,0.401,1.202
P000004,Beauty,57.15,192,1.6609399256319914,1.032,0.181,0.2222222222222222,40.58964,0,4,0,1,0.381,1.117
P000011,Home,145.91,413,1.1337678819054893,1.032,0.059,0.07692307692307693,146.92774,0,2,0,0,0.492,1.094
P000016,Home,101.56,771,0.7964261104633772,1.149,0.062,0.25,89.11,0,1,0,0,0.405,1.281
P000033,Home,153.93,228,0.0,1.051,0.252,0.0,120.96656,0,0,0,0,0.305,0.967
P000001,Sports,101.13,727,1.0887247780700968,0.991,0.119,0.047619047619047616,88.47883,0,2,0,0,0.286,1.224
P000022,Home,108.45,853,1.3738177118698116,0.991,0.035,0.125,104.44195,0,3,0,0,0.295,0.87
P000034,Home,96.42,39,1.3738177118698116,0.991,0.106,0.1111111111111111,80.45106,0,3,0,0,0.299,1.339
P000021,Sports,43.36,664,1.111795636132127,1.012,0.071,0.15384615384615385,35.93372,0,2,0,0,0.427,0.956
P000031,Sports,35.77,417,1.111795636132127,1.012,0.027,0.2,38.56972,0,2,0,0,0.489,0.965
P000032,Grocery,26.88,417,1.4029298934533292,1.012,0.172,0.0625,19.4994,0,3,0,0,0.433,0.82
P000016,Home,98.41,776,1.6287511673833095,1.012,0.043,0.25,90.91499999999999,1,4,0,0,0.405,1.281
P000019,Sports,74.8,429,1.5623537449821168,1.127,0.107,0.21428571428571427,62.97436,0,3,0,0,0.324,1.174
P000032,Grocery,23.11,505,2.019312921820018,1.127,0.266,0.0625,17.2857,0,5,0,1,0.433,0.82
P000030,Beauty,39.06,716,1.1337678819054893,1.032,0.065,0.21212121212121213,37.0634,0,2,0,0,0.414,1.376
P000036,Electronics,521.67,415,1.1337678819054893,1.032,0.064,0.13333333333333333,501.25607999999994,0,2,0,0,0.36,1.05
P000036,Electronics,610.45,471,1.1337678819054893,1.032,0.038,0.13333333333333333,515.17986,1,2,0,0,0.36,1.05
P000030,Beauty,40.68,752,1.6609399256319914,1.032,0.241,0.21212121212121213,30.08676,1,4,0,1,0.414,1.376
P000037,Electronics,356.63,769,1.0887247780700968,0.991,0.043,0.08823529411764706,354.12828,0,2,0,0,0.248,1.232
P000028,Electronics,375.87,238,1.5290826803152393,1.103,0.129,0.2222222222222222,303.21252,0,3,0,0,0.466,1.257
P000026,Electronics,202.58,116,0.0,1.103,0.177,0.07692307692307693,169.14296,0,0,0,0,0.351,1.284
P000005,Electronics,289.68,103,1.8132605828587915,1.012,0.169,0.14285714285714285,248.45238,0,5,0,0,0.351,1.035
P000009,Electronics,648.08,526,1.111795636132127,1.012,0.015,0.1,690.5638,0,2,0,0,0.447,1.136
P000028,Electronics,362.0,234,1.969261070843977,1.012,0.065,0.2222222222222222,325.4922,1,6,0,0,0.466,1.257
P000009,Electronics,677.68,618,1.8132605828587915,1.012,0.098,0.1,632.3741600000001,0,5,0,1,0.447,1.136
P000039,Home,112.88,201,0.7014649467266646,1.012,0.067,0.09523809523809523,97.1253,0,1,0,0,0.418,0.33
P000022,Home,106.27,800,1.5623537449821168,1.127,0.166,0.125,90.26382,0,3,0,0,0.295,0.87
P000011,Home,140.51,482,1.2381360493289597,1.127,0.051,0.07692307692307693,148.17685999999998,0,2,0,0,0.492,1.094
P000029,Electronics,231.39,203,1.4306557806757272,1.032,0.118,0.14285714285714285,216.21347999999998,1,3,0,0,0.347,1.512
P000031,Sports,39.13,465,1.1337678819054893,1.032,0.098,0.2,35.75528,0,2,0,0,0.489,0.965
P000040,Beauty,50.3,340,1.3738177118698116,0.991,0.476,0.125,26.8026,0,3,0,1,0.26,1.035
P000030,Beauty,39.64,670,0.7645413401576197,1.103,0.154,0.21212121212121213,33.53544,0,1,0,0,0.414,1.376
P000030,Beauty,37.98,767,1.111795636132127,1.012,0.324,0.21212121212121213,26.796639999999996,1,2,0,1,0.414,1.376
P000013,Beauty,29.67,617,1.6287511673833095,1.012,0.106,0.1111111111111111,25.9707,0,4,0,0,0.398,0.652
P000030,Beauty,42.71,710,0.7811768724910584,1.127,0.233,0.21212121212121213,30.40388,1,1,0,0,0.414,1.376
P000030,Beauty,38.96,716,0.7811768724910584,1.127,0.12,0.21212121212121213,34.8832,0,1,0,0,0.414,1.376
P000040,Beauty,42.43,385,0.7811768724910584,1.127,0.046,0.125,48.79709999999999,0,1,0,0,0.26,1.035
P000017,Fashion,40.88,787,2.008179273825083,1.032,0.034,0.07142857142857142,38.408159999999995,0,6,0,0,0.401,1.202
P000019,Sports,70.76,448,0.6869088559349058,0.991,0.182,0.21428571428571427,57.68536,0,1,0,1,0.324,1.174
P000027,Fashion,48.58,536,1.3738177118698116,0.991,0.098,0.17391304347826086,41.87986,0,3,0,0,0.365,0.648
P000040,Beauty,51.07,297,1.5290826803152393,1.103,0.239,0.125,38.92515,0,3,0,1,0.26,1.035
P000011,Home,171.96,513,1.111795636132127,1.012,0.186,0.07692307692307693,127.09796,0,2,0,0,0.492,1.094
P000016,Home,89.58,777,1.4306557806757272,1.032,0.184,0.25,77.52000000000001,0,3,0,0,0.405,1.281
P000031,Sports,36.96,434,1.456995373537005,1.051,0.089,0.2,36.11204,0,3,0,0,0.489,0.965
P000029,Electronics,233.49,203,1.6915192459682393,1.051,0.059,0.14285714285714285,230.67674,0,4,0,0,0.347,1.512
P000016,Home,97.11,717,1.1546415153901832,1.051,0.094,0.25,86.07000000000001,0,2,0,0,0.405,1.281
P000037,Electronics,349.79,856,1.3738177118698116,0.991,0.066,0.08823529411764706,345.61736,0,3,0,0,0.248,1.232
P000034,Home,82.79,54,0.0,0.991,0.221,0.1111111111111111,70.10221,0,0,0,1,0.299,1.339
P000031,Sports,41.14,488,1.5290826803152393,1.103,0.166,0.2,33.05976,0,3,0,0,0.489,0.965
P000016,Home,83.21,782,1.4029298934533292,1.012,0.053,0.25,89.96499999999999,0,3,0,0,0.405,1.281
P000011,Home,146.89,541,0.7014649467266646,1.012,0.155,0.07692307692307693,131.9383,0,1,0,0,0.492,1.094
P000016,Home,85.94,806,0.7014649467266646,1.012,0.259,0.25,70.395,0,1,0,0,0.405,1.281
P000016,Home,98.75,783,0.7153278903378636,1.032,0.149,0.25,80.845,0,1,0,0,0.405,1.281
P000001,Sports,102.74,799,1.1337678819054893,1.032,0.159,0.047619047619047616,84.46163,0,2,0,0,0.286,1.224
P000036,Electronics,537.4,398,0.7153278903378636,1.032,0.137,0.13333333333333333,462.16238999999996,1,1,0,0,0.36,1.05
P000035,Fashion,55.61,229,0.7964261104633772,1.149,0.066,0.23076923076923078,52.88307999999999,0,1,0,0,0.384,0.928
P000011,Home,159.75,498,1.6915192459682393,1.051,0.033,0.07692307692307693,150.98737999999997,0,4,0,0,0.492,1.094
P000007,Sports,50.85,57,2.0451515666571343,1.051,0.054,0.6,46.20264,0,6,0,0,0.362,1.829
P000017,Fashion,37.77,773,1.5949529712221933,0.991,0.053,0.07142857142857142,37.652719999999995,0,4,0,0,0.401,1.202
P000017,Fashion,38.34,783,1.5949529712221933,0.991,0.062,0.07142857142857142,37.29488,0,4,0,0,0.401,1.202
P000027,Fashion,44.61,476,0.6869088559349058,0.991,0.207,0.17391304347826086,36.81899,0,1,0,0,0.365,0.648
P000002,Fashion,52.4,469,2.4235387088018503,1.103,0.1,0.17857142857142858,44.487,1,8,0,0,0.358,0.578
P000038,Fashion,68.43,289,0.7645413401576197,1.103,0.104,0.15384615384615385,60.5248,0,1,0,0,0.423,1.302
P000020,Beauty,76.29,704,1.5290826803152393,1.103,0.075,0.21428571428571427,64.94425,1,3,0,0,0.324,0.922
P000015,Fashion,40.43,522,1.5290826803152393,1.103,0.067,0.037037037037037035,38.69151,0,3,0,0,0.442,1.069
P000002,Fashion,51.75,553,1.4029298934533292,1.012,0.039,0.17857142857142858,47.50223,0,3,0,0,0.358,0.578
P000010,Fashion,55.99,441,2.223591272264254,1.012,0.029,0.07692307692307693,54.094409999999996,0,8,0,0,0.484,1.296
P000010,Fashion,59.28,467,1.969261070843977,1.012,0.211,0.07692307692307693,43.95519,0,6,0,0,0.484,1.296
P000001,Sports,99.75,713,1.4029298934533292,1.012,0.168,0.047619047619047616,83.55776,0,3,0,0,0.286,1.224
P000038,Fashion,62.08,335,1.2381360493289597,1.127,0.175,0.15384615384615385,55.72875,0,2,0,0,0.423,1.302
P000017,Fashion,38.14,776,1.813836527313231,1.127,0.343,0.07142857142857142,26.12232,0,4,0,0,0.401,1.202
P000010,Fashion,56.29,491,1.5928522209267544,1.149,0.227,0.07692307692307693,43.06383,0,3,0,0,0.484,1.296
P000030,Beauty,37.42,730,1.0887247780700968,0.991,0.11,0.21212121212121213,35.2796,0,2,0,0,0.414,1.376
P000026,Electronics,204.33,165,0.7645413401576197,1.103,0.194,0.07692307692307693,165.64912,0,1,0,1,0.351,1.284
P000030,Beauty,41.51,716,0.7645413401576197,1.103,0.005,0.21212121212121213,39.4418,0,1,0,0,0.414,1.376
P000030,Beauty,37.91,754,0.7811768724910584,1.127,0.037,0.21212121212121213,38.17332,0,1,0,0,0.414,1.376
P000005,Electronics,287.25,79,2.1459836710135907,1.032,0.036,0.14285714285714285,288.21672,0,7,0,0,0.351,1.035
P000013,Beauty,26.77,679,2.008179273825083,1.032,0.106,0.1111111111111111,25.9707,0,6,0,0,0.398,0.652
P000020,Beauty,70.86,724,1.2623055196796582,1.149,0.109,0.21428571428571427,62.557109999999994,0,2,0,0,0.324,0.922
P000027,Fashion,45.84,536,1.111795636132127,1.012,0.208,0.17391304347826086,36.77256,0,2,0,0,0.365,0.648
P000025,Sports,100.13,642,0.7811768724910584,1.127,0.254,0.4444444444444444,77.14386,1,1,0,1,0.276,1.053
P000010,Fashion,56.16,439,1.6609399256319914,1.032,0.298,0.07692307692307693,39.108419999999995,0,4,0,0,0.484,1.296
P000002,Fashion,50.39,468,1.1337678819054893,1.032,0.03,0.17857142857142858,47.9471,0,2,0,0,0.358,0.578
P000002,Fashion,46.57,502,1.1337678819054893,1.032,0.17,0.17857142857142858,41.0269,0,2,0,0,0.358,0.578
P000013,Beauty,29.26,600,1.5928522209267544,1.149,0.098,0.1111111111111111,26.203100000000003,0,3,0,0,0.398,0.652
P000025,Sports,110.98,604,0.0,1.149,0.055,0.4444444444444444,97.72245,0,0,0,0,0.276,1.053
P000019,Sports,65.82,477,1.5928522209267544,1.149,0.2,0.21428571428571427,56.416,0,3,0,1,0.324,1.174
P000038,Fashion,65.28,328,1.0887247780700968,0.991,0.024,0.15384615384615385,65.9288,0,2,0,0,0.423,1.302
P000001,Sports,103.43,761,0.7645413401576197,1.103,0.065,0.047619047619047616,93.90205000000002,0,1,0,0,0.286,1.224
P000008,Sports,73.87,738,0.7645413401576197,1.103,0.047,0.1111111111111111,70.85555,1,1,0,0,0.393,0.985
P000015,Fashion,43.38,471,1.5290826803152393,1.103,0.188,0.037037037037037035,33.67364,0,3,0,0,0.442,1.069
P000009,Electronics,603.13,617,1.2117693544009251,1.103,0.139,0.1,603.6298800000001,0,2,0,0,0.447,1.136
P000031,Sports,35.9,448,1.111795636132127,1.012,0.05,0.2,37.658,0,2,0,0,0.489,0.965
P000008,Sports,62.08,757,1.4029298934533292,1.012,0.278,0.1111111111111111,53.680699999999995,0,3,0,1,0.393,0.985
P000008,Sports,71.39,726,1.4029298934533292,1.012,0.23,0.1111111111111111,57.2495,0,3,0,1,0.393,0.985
P000001,Sports,103.37,808,1.4029298934533292,1.012,0.104,0.047619047619047616,89.98528,0,3,0,0,0.286,1.224
P000025,Sports,105.08,597,0.7811768724910584,1.127,0.127,0.4444444444444444,90.27693,0,1,0,0,0.276,1.053
P000008,Sports,79.18,790,1.2381360493289597,1.127,0.127,0.1111111111111111,64.90755,0,2,0,0,0.393,0.985
P000019,Sports,78.74,454,1.8490957722433528,1.032,0.26,0.21428571428571427,52.184799999999996,0,5,0,0,0.324,1.174
P000026,Electronics,228.11,210,2.645670271850159,1.149,0.095,0.07692307692307693,185.99560000000002,0,9,0,0,0.351,1.284
P000021,Sports,41.67,652,1.456995373537005,1.051,0.076,0.15384615384615385,35.740320000000004,0,3,0,0,0.427,0.956
P000011,Home,144.84,460,0.6869088559349058,0.991,0.09,0.07692307692307693,142.0874,0,1,0,0,0.492,1.094
P000011,Home,179.46,431,0.6869088559349058,0.991,0.212,0.07692307692307693,123.03832,0,1,0,0,0.492,1.094
P000003,Grocery,16.92,337,0.0,0.991,0.103,0.0,15.132390000000001,0,0,0,0,0.289,1.005
P000034,Home,87.63,26,2.4235387088018503,1.103,0.255,0.1111111111111111,67.04254999999999,0,8,0,1,0.299,1.339
P000002,Fashion,55.99,566,2.4235387088018503,1.103,0.227,0.17857142857142858,38.20939,1,8,0,0,0.358,0.578
P000012,Grocery,11.63,741,1.9763106945585447,1.103,0.107,0.07142857142857142,11.92155,0,5,0,0,0.453,1.039
P000010,Fashion,57.51,454,1.9763106945585447,1.103,0.147,0.07692307692307693,47.52063,0,5,0,1,0.484,1.296
P000011,Home,157.4,466,1.111795636132127,1.012,0.059,0.07692307692307693,146.92774,0,2,0,0,0.492,1.094
P000022,Home,108.03,862,1.111795636132127,1.012,0.22,0.125,84.41940000000001,0,2,0,1,0.295,0.87
P000006,Grocery,19.51,561,2.193040737985338,1.127,0.24,0.07692307692307693,14.8048,0,6,0,0,0.508,1.225
P000035,Fashion,49.88,241,1.813836527313231,1.127,0.124,0.23076923076923078,49.59912,0,4,0,0,0.384,0.928
P000015,Fashion,43.0,399,0.7811768724910584,1.127,0.079,0.037037037037037035,38.193870000000004,0,1,0,0,0.442,1.069
P000024,Grocery,15.72,799,1.8490957722433528,1.032,0.236,0.05,11.71212,0,5,0,0,0.436,1.33
P000029,Electronics,246.09,272,1.4306557806757272,1.032,0.196,0.14285714285714285,197.09256,0,3,0,0,0.347,1.512
P000039,Home,111.54,203,1.4306557806757272,1.032,0.102,0.09523809523809523,93.48179999999999,0,3,0,0,0.418,0.33
P000006,Grocery,20.21,555,1.4306557806757272,1.032,0.247,0.07692307692307693,14.66844,0,3,0,1,0.508,1.225
P000032,Grocery,22.64,521,1.8492441613867812,1.149,0.178,0.0625,19.358100000000004,0,4,0,1,0.433,0.82
P000003,Grocery,17.87,395,1.5928522209267544,1.149,0.06,0.0,15.8578,0,3,0,0,0.289,1.005
P000038,Fashion,64.33,300,2.5246110393593164,1.149,0.128,0.15384615384615385,58.9036,0,8,0,0,0.423,1.302
P000037,Electronics,383.72,824,0.6869088559349058,0.991,0.072,0.08823529411764706,343.39712000000003,0,1,0,0,0.248,1.232
P000005,Electronics,290.34,73,1.9283969577138154,0.991,0.102,0.14285714285714285,268.48404000000005,0,6,0,0,0.351,1.035
P000016,Home,95.68,758,1.0887247780700968,0.991,0.18,0.25,77.9,1,2,0,0,0.405,1.281
P000022,Home,116.64,890,1.3738177118698116,0.991,0.09,0.125,98.4893,0,3,0,0,0.295,0.87
P000013,Beauty,29.87,607,2.4235387088018503,1.103,0.11,0.1111111111111111,25.8545,0,8,0,0,0.398,0.652
P000023,Grocery,15.94,570,1.6287511673833095,1.012,0.195,0.3125,13.515949999999998,0,4,0,0,0.508,0.724
P000020,Beauty,69.73,678,0.0,1.032,0.261,0.21428571428571427,51.885189999999994,0,0,0,0,0.324,0.922
P000004,Beauty,45.55,123,1.1337678819054893,1.032,0.197,0.2222222222222222,39.79668,1,2,0,1,0.381,1.117
P000022,Home,106.21,848,0.7153278903378636,1.032,0.235,0.125,82.79595,0,1,0,1,0.295,0.87
P000016,Home,86.52,812,1.4306557806757272,1.032,0.184,0.25,77.52000000000001,1,3,0,0,0.405,1.281
P000022,Home,113.92,841,1.2623055196796582,1.149,0.222,0.125,84.20294000000001,0,2,0,0,0.295,0.87
P000005,Electronics,321.56,40,1.5290826803152393,1.103,0.197,0.14285714285714285,240.08094,0,3,0,0,0.351,1.035
P000030,Beauty,35.1,693,0.7645413401576197,1.103,0.073,0.21212121212121213,36.746280000000006,0,1,0,0,0.414,1.376
P000026,Electronics,204.88,133,1.4029298934533292,1.012,0.029,0.07692307692307693,199.55992,0,3,0,0,0.351,1.284
P000020,Beauty,75.82,675,0.7014649467266646,1.012,0.422,0.21428571428571427,40.58138,0,1,0,1,0.324,0.922
P000013,Beauty,29.91,715,1.6287511673833095,1.012,0.167,0.1111111111111111,24.19865,0,4,0,0,0.398,0.652
P000027,Fashion,53.84,456,1.813836527313231,1.127,0.077,0.17391304347826086,42.854890000000005,0,4,0,0,0.365,0.648
P000028,Electronics,386.86,265,0.7811768724910584,1.127,0.255,0.2222222222222222,259.3494,1,1,0,1,0.466,1.257
P000017,Fashion,37.68,779,0.7153278903378636,1.032,0.385,0.07142857142857142,24.452399999999997,0,1,0,1,0.401,1.202
P000011,Home,146.08,509,0.6869088559349058,0.991,0.064,0.07692307692307693,146.14703999999998,0,1,0,0,0.492,1.094
P000033,Home,172.81,136,1.111795636132127,1.012,0.25,0.0,121.28999999999999,0,2,0,1,0.305,0.967
P000018,Electronics,642.19,352,1.111795636132127,1.012,0.224,0.10344827586206896,474.67920000000004,0,2,0,0,0.449,1.036
P000019,Sports,75.98,448,1.4029298934533292,1.012,0.123,0.21428571428571427,61.846039999999995,1,3,0,0,0.324,1.174
P000024,Grocery,15.29,761,1.6287511673833095,1.012,0.044,0.05,14.655479999999999,0,4,0,0,0.436,1.33
P000032,Grocery,23.5,427,1.4029298934533292,1.012,0.057,0.0625,22.20765,0,3,0,0,0.433,0.82
P000027,Fashion,48.36,454,1.813836527313231,1.127,0.114,0.17391304347826086,41.13698,0,4,0,0,0.365,0.648
P000015,Fashion,43.69,389,0.7811768724910584,1.127,0.09,0.037037037037037035,37.737700000000004,0,1,0,0,0.442,1.069
P000038,Fashion,65.89,299,0.7811768724910584,1.127,0.309,0.15384615384615385,46.67705,0,1,0,1,0.423,1.302
P000008,Sports,71.94,733,0.7645413401576197,1.103,0.085,0.1111111111111111,68.03025,0,1,0,0,0.393,0.985
P000004,Beauty,54.44,198,1.5290826803152393,1.103,0.133,0.2222222222222222,42.968520000000005,1,3,0,0,0.381,1.117
P000029,Electronics,259.34,175,1.969261070843977,1.012,0.116,0.14285714285714285,216.70376,0,6,0,0,0.347,1.512
P000003,Grocery,16.87,380,1.969261070843977,1.012,0.085,0.0,15.436050000000002,0,6,0,0,0.289,1.005
P000010,Fashion,55.83,462,2.223591272264254,1.012,0.098,0.07692307692307693,50.250420000000005,0,8,0,0,0.484,1.296
P000017,Fashion,38.05,750,1.4029298934533292,1.012,0.083,0.07142857142857142,36.45992,0,3,0,0,0.401,1.202
P000033,Home,153.28,189,1.2381360493289597,1.127,0.099,0.0,145.70972,0,2,0,0,0.305,0.967
P000036,Electronics,609.5,401,1.6609399256319914,1.032,0.214,0.13333333333333333,420.92658,1,4,0,0,0.36,1.05
P000015,Fashion,46.48,341,1.8492441613867812,1.149,0.158,0.037037037037037035,34.917739999999995,0,4,0,1,0.442,1.069
P000006,Grocery,17.73,468,1.6915192459682393,1.051,0.087,0.07692307692307693,17.78524,0,4,0,0,0.508,1.225
P000009,Electronics,696.93,604,1.6915192459682393,1.051,0.183,0.1,572.78236,0,4,0,0,0.447,1.136
P000019,Sports,72.52,441,1.5949529712221933,0.991,0.017,0.21428571428571427,69.32115999999999,0,4,0,0,0.324,1.174
P000029,Electronics,249.07,251,1.0887247780700968,0.991,0.041,0.14285714285714285,235.08925999999997,0,2,0,0,0.347,1.512
P000009,Electronics,660.64,520,1.7752100174148127,1.103,0.141,0.1,602.22772,0,4,0,0,0.447,1.136
P000028,Electronics,345.54,276,1.6287511673833095,1.012,0.124,0.2222222222222222,304.95312,0,4,0,0,0.466,1.257
P000011,Home,142.5,467,0.7014649467266646,1.012,0.158,0.07692307692307693,131.46988,1,1,0,0,0.492,1.094
P000009,Electronics,700.92,536,1.8132605828587915,1.012,0.219,0.1,547.54348,1,5,0,1,0.447,1.136
P000036,Electronics,550.91,433,1.813836527313231,1.127,0.18,0.13333333333333333,439.13460000000003,0,4,0,0,0.36,1.05
P000016,Home,105.75,773,1.2381360493289597,1.127,0.064,0.25,88.91999999999999,0,2,0,0,0.405,1.281
P000018,Electronics,642.11,306,2.008179273825083,1.032,0.097,0.10344827586206896,552.3651000000001,0,6,0,0,0.449,1.036
P000018,Electronics,655.49,280,2.008179273825083,1.032,0.277,0.10344827586206896,442.25910000000005,0,6,0,1,0.449,1.036
P000003,Grocery,16.4,364,1.4306557806757272,1.032,0.024,0.0,16.46512,0,3,0,0,0.289,1.005
P000001,Sports,92.52,735,1.5928522209267544,1.149,0.14,0.047619047619047616,86.3698,0,3,0,1,0.286,1.224
P000018,Electronics,663.61,395,1.1546415153901832,1.051,0.039,0.10344827586206896,587.8437,0,2,0,0,0.449,1.036
P000009,Electronics,657.87,491,1.111795636132127,1.012,0.133,0.1,607.83636,0,2,0,0,0.447,1.136
P000037,Electronics,367.32,794,0.0,1.012,0.342,0.08823529411764706,243.48631999999998,0,0,0,1,0.248,1.232
P000039,Home,97.38,226,1.6609399256319914,1.032,0.223,0.09523809523809523,80.8857,1,4,0,1,0.418,0.33
P000017,Fashion,40.5,734,0.7153278903378636,1.032,0.054,0.07142857142857142,37.612959999999994,0,1,0,0,0.401,1.202
P000010,Fashion,62.12,484,1.6609399256319914,1.032,0.105,0.07692307692307693,49.86045,0,4,0,0,0.484,1.296
P000030,Beauty,39.64,731,1.6609399256319914,1.032,0.201,0.21212121212121213,31.672359999999998,1,4,0,0,0.414,1.376
P000022,Home,101.35,880,2.0587316301430354,1.149,0.051,0.125,102.71027,0,5,0,0,0.295,0.87
P000020,Beauty,69.19,715,0.0,0.991,0.028,0.21428571428571427,68.24412,0,0,0,0,0.324,0.922
P000039,Home,93.82,265,0.7645413401576197,1.103,0.188,0.09523809523809523,84.5292,0,1,0,1,0.418,0.33
P000016,Home,92.86,759,1.7752100174148127,1.103,0.269,0.25,69.445,1,4,0,1,0.405,1.281
P000002,Fashion,50.82,545,2.1043948401799937,1.012,0.2,0.17857142857142858,39.544000000000004,0,7,0,1,0.358,0.578
P000035,Fashion,56.88,293,1.8132605828587915,1.012,0.147,0.23076923076923078,48.296859999999995,0,5,0,0,0.384,0.928
P000022,Home,104.48,862,1.111795636132127,1.012,0.079,0.125,99.67983000000001,0,2,0,0,0.295,0.87
P000028,Electronics,369.42,311,1.813836527313231,1.127,0.083,0.2222222222222222,319.22604,0,4,0,0,0.466,1.257
P000002,Fashion,42.96,540,1.4306557806757272,1.032,0.01,0.17857142857142858,48.9357,0,3,0,0,0.358,0.578
P000018,Electronics,585.63,343,1.4306557806757272,1.032,0.174,0.10344827586206896,505.2642000000001,0,3,0,0,0.449,1.036
P000012,Grocery,13.78,711,1.1337678819054893,1.032,0.064,0.07142857142857142,12.4956,0,2,0,0,0.453,1.039
P000015,Fashion,44.24,444,1.4306557806757272,1.032,0.111,0.037037037037037035,36.86683,0,3,0,0,0.442,1.069
P000024,Grocery,14.48,706,1.5928522209267544,1.149,0.058,0.05,14.440859999999999,0,3,0,0,0.436,1.33
P000009,Electronics,696.82,554,1.2623055196796582,1.149,0.202,0.1,559.46184,0,2,0,1,0.447,1.136
P000002,Fashion,51.97,523,1.8492441613867812,1.149,0.135,0.17857142857142858,42.756949999999996,0,4,0,1,0.358,0.578
P000005,Electronics,275.51,108,1.0887247780700968,0.991,0.139,0.14285714285714285,257.42178,0,2,0,0,0.351,1.035
P000013,Beauty,30.66,652,1.7756336340050025,0.991,0.185,0.1111111111111111,23.67575,0,5,0,1,0.398,0.652
P000013,Beauty,27.49,690,1.7752100174148127,1.103,0.146,0.1111111111111111,24.8087,0,4,0,0,0.398,0.652
P000014,Sports,75.0,398,1.111795636132127,1.012,0.24,0.0,49.514,0,2,0,1,0.47,1.874
P000039,Home,107.31,252,1.4029298934533292,1.012,0.045,0.09523809523809523,99.4155,0,3,0,0,0.418,0.33
P000019,Sports,67.84,498,1.4029298934533292,1.012,0.303,0.21428571428571427,49.15244,1,3,0,0,0.324,1.174
P000021,Sports,41.11,678,1.4029298934533292,1.012,0.097,0.15384615384615385,34.92804,0,3,0,0,0.427,0.956
P000017,Fashion,40.74,752,0.7153278903378636,1.032,0.098,0.07142857142857142,35.86352,0,1,0,0,0.401,1.202
P000011,Home,137.27,479,1.4306557806757272,1.032,0.06,0.07692307692307693,146.77159999999998,0,3,0,0,0.492,1.094
P000037,Electronics,326.54,728,1.4306557806757272,1.032,0.077,0.08823529411764706,341.54692000000006,0,3,0,0,0.248,1.232
P000017,Fashion,35.28,765,1.8492441613867812,1.149,0.232,0.07142857142857142,30.53568,0,4,0,0,0.401,1.202
P000001,Sports,98.88,774,1.6915192459682393,1.051,0.133,0.047619047619047616,87.07281,0,4,0,0,0.286,1.224
P000015,Fashion,45.78,387,1.5290826803152393,1.103,0.143,0.037037037037037035,35.539789999999996,0,3,0,0,0.442,1.069
P000037,Electronics,355.46,763,0.7014649467266646,1.012,0.115,0.08823529411764706,327.4854,1,1,0,0,0.248,1.232
P000010,Fashion,56.99,442,1.6287511673833095,1.012,0.205,0.07692307692307693,44.28945,0,4,0,0,0.484,1.296
P000036,Electronics,549.78,401,1.813836527313231,1.127,0.018,0.13333333333333333,525.89046,0,4,0,0,0.36,1.05
P000017,Fashion,42.25,754,1.8492441613867812,1.149,0.283,0.07142857142857142,28.507920000000002,0,4,0,1,0.401,1.202
P000009,Electronics,658.89,532,1.6915192459682393,1.051,0.03,0.1,680.0476,0,4,0,0,0.447,1.136
P000027,Fashion,47.76,503,0.6869088559349058,0.991,0.072,0.17391304347826086,43.08704,1,1,0,0,0.365,0.648
P000015,Fashion,39.89,365,1.0887247780700968,0.991,0.049,0.037037037037037035,39.43797,0,2,0,0,0.442,1.069
P000017,Fashion,36.16,749,0.7645413401576197,1.103,0.048,0.07142857142857142,37.851519999999994,0,1,0,0,0.401,1.202
P000015,Fashion,38.68,366,1.111795636132127,1.012,0.02,0.037037037037037035,40.6406,0,2,0,0,0.442,1.069
P000016,Home,96.94,747,2.019312921820018,1.127,0.1,0.25,85.5,0,5,0,0,0.405,1.281
P000005,Electronics,310.8,87,1.5928522209267544,1.149,0.136,0.14285714285714285,258.31872,0,3,0,1,0.351,1.035
P000021,Sports,36.01,670,1.3738177118698116,0.991,0.115,0.15384615384615385,34.2318,0,3,0,0,0.427,0.956
P000036,Electronics,535.72,442,1.0887247780700968,0.991,0.069,0.13333333333333333,498.57843,0,2,0,0,0.36,1.05
P000019,Sports,62.49,447,1.5623537449821168,1.127,0.103,0.21428571428571427,63.25644,0,3,0,0,0.324,1.174
P000009,Electronics,627.12,493,2.1459836710135907,1.032,0.246,0.1,528.61432,0,7,0,1,0.447,1.136
P000032,Grocery,25.63,469,0.7153278903378636,1.032,0.283,0.0625,16.885350000000003,1,1,0,1,0.433,0.82
P000004,Beauty,55.71,119,1.2623055196796582,1.149,0.182,0.2222222222222222,40.54008,0,2,0,0,0.381,1.117
P000037,Electronics,370.04,717,1.5928522209267544,1.149,0.206,0.08823529411764706,293.81176000000005,0,3,0,1,0.248,1.232
P000006,Grocery,18.34,538,1.2117693544009251,1.103,0.12,0.07692307692307693,17.142400000000002,0,2,0,0,0.508,1.225
P000031,Sports,38.14,489,0.7645413401576197,1.103,0.09,0.2,36.0724,0,1,0,0,0.489,0.965
P000032,Grocery,23.81,461,0.7014649467266646,1.012,0.02,0.0625,23.079,0,1,0,0,0.433,0.82
P000012,Grocery,12.5,662,1.111795636132127,1.012,0.063,0.07142857142857142,12.50895,0,2,0,0,0.453,1.039
P000023,Grocery,14.98,632,1.111795636132127,1.012,0.203,0.3125,13.381629999999998,0,2,0,0,0.508,0.724
P000030,Beauty,41.83,728,1.1337678819054893,1.032,0.101,0.21212121212121213,35.63636,0,2,0,0,0.414,1.376
P000016,Home,92.97,782,0.7153278903378636,1.032,0.021,0.25,93.005,1,1,0,0,0.405,1.281
P000008,Sports,66.39,761,1.1337678819054893,1.032,0.097,0.1111111111111111,67.13804999999999,0,2,0,0,0.393,0.985
P000015,Fashion,35.08,428,1.0887247780700968,0.991,0.157,0.037037037037037035,34.95921,0,2,0,0,0.442,1.069
P000030,Beauty,40.74,746,1.0887247780700968,0.991,0.347,0.21212121212121213,25.88492,0,2,0,1,0.414,1.376
P000036,Electronics,514.27,447,1.0887247780700968,0.991,0.177,0.13333333333333333,440.74118999999996,0,2,0,1,0.36,1.05
P000039,Home,108.43,291,0.0,0.991,0.105,0.09523809523809523,93.1695,0,0,0,0,0.418,0.33
P000013,Beauty,28.6,683,1.4029298934533292,1.012,0.192,0.1111111111111111,23.4724,0,3,0,0,0.398,0.652
P000031,Sports,48.63,499,1.111795636132127,1.012,0.115,0.2,35.0814,0,2,0,0,0.489,0.965
P000021,Sports,41.82,652,0.7153278903378636,1.032,0.078,0.15384615384615385,35.66296,0,1,0,0,0.427,0.956
P000022,Home,99.87,856,0.7153278903378636,1.032,0.147,0.125,92.32019,0,1,0,1,0.295,0.87
P000004,Beauty,52.68,183,1.1337678819054893,1.032,0.248,0.2222222222222222,37.26912,0,2,0,1,0.381,1.117
P000011,Home,147.19,526,1.8490957722433528,1.032,0.284,0.07692307692307693,111.79623999999998,0,5,0,0,0.492,1.094
P000016,Home,98.85,803,0.7964261104633772,1.149,0.13,0.25,82.65,0,1,0,0,0.405,1.281
P000022,Home,112.8,819,1.2623055196796582,1.149,0.061,0.125,101.62797,0,2,0,0,0.295,0.87
P000030,Beauty,35.01,690,1.5928522209267544,1.149,0.046,0.21212121212121213,37.816559999999996,0,3,0,0,0.414,1.376
P000030,Beauty,38.08,734,1.8831392021586857,1.051,0.112,0.21212121212121213,35.20032,0,5,0,0,0.414,1.376
P000021,Sports,35.95,685,1.456995373537005,1.051,0.139,0.15384615384615385,33.30348,0,3,0,0,0.427,0.956
P000011,Home,147.23,500,1.6915192459682393,1.051,0.145,0.07692307692307693,133.4997,0,4,0,0,0.492,1.094
P000003,Grocery,19.14,385,1.9283969577138154,0.991,0.086,0.0,15.41918,0,6,0,0,0.289,1.005
P000026,Electronics,207.93,164,0.0,1.103,0.164,0.07692307692307693,171.81472,0,0,0,0,0.351,1.284
P000016,Home,89.21,828,1.7752100174148127,1.103,0.003,0.25,94.715,0,4,0,0,0.405,1.281
P000030,Beauty,43.58,771,0.7645413401576197,1.103,0.073,0.21212121212121213,36.746280000000006,0,1,0,0,0.414,1.376
P000012,Grocery,14.07,719,1.111795636132127,1.012,0.029,0.07142857142857142,12.96285,0,2,0,0,0.453,1.039
P000020,Beauty,73.77,681,0.7014649467266646,1.012,0.018,0.21428571428571427,68.94622,0,1,0,0,0.324,0.922
P000033,Home,175.29,174,0.0,1.012,0.166,0.0,134.87448,0,0,0,0,0.305,0.967
P000019,Sports,65.06,484,0.6869088559349058,0.991,0.184,0.21428571428571427,57.54432,1,1,0,0,0.324,1.174
P000008,Sports,76.06,778,1.7752100174148127,1.103,0.08,0.1111111111111111,68.402,0,4,0,0,0.393,0.985
P000023,Grocery,16.19,669,1.6287511673833095,1.012,0.282,0.3125,12.055219999999998,0,4,0,1,0.508,0.724
P000024,Grocery,15.22,748,1.8490957722433528,1.032,0.22,0.05,11.9574,0,5,0,1,0.436,1.33
P000025,Sports,104.8,569,0.7153278903378636,1.032,0.126,0.4444444444444444,90.38034,1,1,0,0,0.276,1.053
P000001,Sports,104.79,767,1.1337678819054893,1.032,0.108,0.047619047619047616,89.58356,0,2,0,0,0.286,1.224
P000008,Sports,78.3,750,0.7153278903378636,1.032,0.189,0.1111111111111111,60.29784999999999,0,1,0,0,0.393,0.985
P000009,Electronics,770.61,631,2.1459836710135907,1.032,0.234,0.1,537.02728,0,7,0,1,0.447,1.136
P000009,Electronics,701.81,578,2.1459836710135907,1.032,0.112,0.1,622.5590400000001,0,7,0,0,0.447,1.136
P000002,Fashion,48.86,479,1.1337678819054893,1.032,0.043,0.17857142857142858,47.30451,0,2,0,0,0.358,0.578
P000027,Fashion,45.77,562,0.7964261104633772,1.149,0.354,0.17391304347826086,29.99378,0,1,0,0,0.365,0.648
P000019,Sports,67.06,446,1.5949529712221933,0.991,0.122,0.21428571428571427,61.91656,0,4,0,0,0.324,1.174
P000013,Beauty,27.58,669,2.4235387088018503,1.103,0.071,0.1111111111111111,26.987450000000003,0,8,0,0,0.398,0.652
P000024,Grocery,15.19,709,1.111795636132127,1.012,0.021,0.05,15.00807,0,2,0,0,0.436,1.33
P000037,Electronics,397.27,746,1.969261070843977,1.012,0.132,0.08823529411764706,321.19472,0,6,0,0,0.248,1.232
P000030,Beauty,40.57,736,1.111795636132127,1.012,0.134,0.21212121212121213,34.32824,1,2,0,0,0.414,1.376
P000016,Home,87.01,764,1.2381360493289597,1.127,0.138,0.25,81.89,0,2,0,0,0.405,1.281
P000012,Grocery,12.82,704,0.0,1.032,0.164,0.07142857142857142,11.160599999999999,0,0,0,0,0.453,1.039
P000010,Fashion,51.52,502,1.5928522209267544,1.149,0.157,0.07692307692307693,46.96353,0,3,0,0,0.484,1.296
P000001,Sports,99.6,866,1.6915192459682393,1.051,0.095,0.047619047619047616,90.88915000000001,0,4,0,0,0.286,1.224
P000009,Electronics,734.3,507,1.0887247780700968,0.991,0.071,0.1,651.3033200000001,0,2,0,0,0.447,1.136
P000015,Fashion,37.6,369,1.7752100174148127,1.103,0.091,0.037037037037037035,37.69623,0,4,0,0,0.442,1.069
P000039,Home,98.51,239,0.7645413401576197,1.103,0.048,0.09523809523809523,99.10319999999999,0,1,0,0,0.418,0.33
P000034,Home,97.5,115,0.0,1.012,0.156,0.1111111111111111,75.95155999999999,0,0,0,0,0.299,1.339
P000034,Home,97.66,59,0.7014649467266646,1.012,0.099,0.1111111111111111,81.08099,0,1,0,0,0.299,1.339
P000002,Fashion,46.6,535,1.4306557806757272,1.032,0.061,0.17857142857142858,46.414770000000004,0,3,0,0,0.358,0.578
P000002,Fashion,49.59,518,1.4306557806757272,1.032,0.209,0.17857142857142858,39.09913,0,3,0,0,0.358,0.578
P000018,Electronics,510.96,438,1.6609399256319914,1.032,0.133,0.10344827586206896,530.3439000000001,0,4,0,0,0.449,1.036
P000029,Electronics,244.26,249,1.4306557806757272,1.032,0.358,0.14285714285714285,157.37987999999999,0,3,0,0,0.347,1.512
P000036,Electronics,549.36,473,1.6609399256319914,1.032,0.012,0.13333333333333333,529.1036399999999,0,4,0,0,0.36,1.05
P000015,Fashion,41.4,435,1.8492441613867812,1.149,0.158,0.037037037037037035,34.917739999999995,0,4,0,0,0.442,1.069
P000035,Fashion,57.21,235,1.8492441613867812,1.149,0.064,0.23076923076923078,52.99632,0,4,0,0,0.384,0.928
P000022,Home,111.66,853,1.6915192459682393,1.051,0.093,0.125,98.16461000000001,0,4,0,0,0.295,0.87
P000009,Electronics,577.02,509,1.0887247780700968,0.991,0.097,0.1,633.07524,0,2,0,0,0.447,1.136
P000002,Fashion,49.95,472,2.4235387088018503,1.103,0.082,0.17857142857142858,45.37674,0,8,0,0,0.358,0.578
P000010,Fashion,52.77,511,1.8132605828587915,1.012,0.211,0.07692307692307693,43.95519,0,5,0,1,0.484,1.296
P000018,Electronics,565.15,327,1.813836527313231,1.127,0.247,0.10344827586206896,460.61010000000005,0,4,0,1,0.449,1.036
P000008,Sports,60.04,767,1.5623537449821168,1.127,0.038,0.1111111111111111,71.5247,0,3,0,0,0.393,0.985
P000030,Beauty,45.24,695,0.0,1.127,0.063,0.21212121212121213,37.142680000000006,0,0,0,0,0.414,1.376
P000037,Electronics,383.84,772,0.0,1.032,0.037,0.08823529411764706,356.34852,0,0,0,0,0.248,1.232
